{"@context":{"@vocab":"http://openlca.org/schema/v1.0/","@base":"http://openlca.org/schema/v1.0/","modelType":{"@type":"@vocab"},"flowPropertyType":{"@type":"@vocab"},"flowType":{"@type":"@vocab"},"distributionType":{"@type":"@vocab"},"parameterScope":{"@type":"@vocab"},"allocationType":{"@type":"@vocab"},"defaultAllocationMethod":{"@type":"@vocab"},"processType":{"@type":"@vocab"}},"@type":"Process","@id":"15ba02ff-fe57-38ed-aa95-f9ff07c78b10","name":"electricity, biomass ","description":"0","category":{"@type":"Category","@id":"540e5443-4c8c-434c-bfc6-8880abadcdaa","name":"US"},"version":"00.00.000","lastChange":"2014-07-29T12:43:46-04:00","processTyp":"UNIT_PROCESS","location":{"@type":"Location","@id":"0b3b97fa-6688-3c56-88ee-4ae80ec0c3c2","name":"US"},"processDocumentation":{"@type":"ProcessDocumentation","technologyDescription":"US average.","reviewDetails":"Passed none","samplingDescription":"Some Relevant Flows Not Captured","restrictionsDescription":"All information can be accessed by everybody.","copyright":false,"validFrom":"2010-01-01T00:00:00.000-05:00","validUntil":"2010-01-01T00:00:00.000-05:00","creationDate":"2014-07-29T12:43:46.000-04:00","geographyDescription":"0","dataDocumentor":{"@type":"Actor","@id":"6f177307-805e-393d-bafa-91571daab689","name":"Donnie Vineyard"},"dataGenerator":{"@type":"Actor","@id":"6f177307-805e-393d-bafa-91571daab689","name":"Donnie Vineyard"},"sources":[{"@type":"Source","@id":"c0d414be-940c-3775-9260-fa33cfc1bb5a","name":"US EPA 2014"},{"@type":"Source","@id":"45ca3392-b551-3862-9bec-5b1fd1bb8aee","name":"US EPA 2013"},{"@type":"Source","@id":"0dc09ee9-a17d-3c99-a6bf-86e9fa72e96e","name":"US EPA 2013"},{"@type":"Source","@id":"47f3fc63-4040-30c3-885a-cde79588b555","name":"ecoinvent Centre 2010"},{"@type":"Source","@id":"0d5753c8-cd9c-3ca5-a9e0-32fc75ad14f3","name":"Madknick et al.  2011"},{"@type":"Source","@id":"60121ad9-7417-3f7a-a3ef-bee33aa04156","name":"0 null"},{"@type":"Source","@id":"60121ad9-7417-3f7a-a3ef-bee33aa04156","name":"0 null"},{"@type":"Source","@id":"60121ad9-7417-3f7a-a3ef-bee33aa04156","name":"0 null"},{"@type":"Source","@id":"60121ad9-7417-3f7a-a3ef-bee33aa04156","name":"0 null"}]},"exchanges":[{"@type":"Exchange","avoidedProduct":false,"input":false,"amount":1.0,"flow":{"@type":"Flow","@id":"a8379309-c56d-3922-8498-418634ba3be3","name":"electricity, biomass "},"unit":{"@type":"Unit","@id":"86ad2244-1f0e-4912-af53-7865283103e4","name":"kWh"},"flowProperty":{"@type":"FlowProperty","@id":"f6811440-ee37-11de-8a39-0800200c9a66","name":"Energy"},"quantitativeReference":true},{"@type":"Exchange","avoidedProduct":false,"input":true,"amount":7.4039E-8,"flow":{"@type":"Flow","@id":"5c6e41f4-74d8-3520-a79b-fb2324d72596","name":"ammonia, liquid, at regional storehouse"},"unit":{"@type":"Unit","@id":"20aadc24-a391-41cf-b340-3e4529f44bde","name":"kg"},"flowProperty":{"@type":"FlowProperty","@id":"93a60a56-a3c8-11da-a746-0800200b9a66","name":"Mass"},"uncertainty":{"@type":"Uncertainty","distributionType":"LOG_NORMAL_DISTRIBUTION","geomMean":7.4039E-8,"geomSd":1.0}},{"@type":"Exchange","avoidedProduct":false,"input":true,"amount":5.1827E-5,"flow":{"@type":"Flow","@id":"cb7126e9-1442-34ac-8808-316e3f875d06","name":"chemicals organic, at plant"},"unit":{"@type":"Unit","@id":"20aadc24-a391-41cf-b340-3e4529f44bde","name":"kg"},"flowProperty":{"@type":"FlowProperty","@id":"93a60a56-a3c8-11da-a746-0800200b9a66","name":"Mass"},"uncertainty":{"@type":"Uncertainty","distributionType":"LOG_NORMAL_DISTRIBUTION","geomMean":5.1827E-5,"geomSd":1.0}},{"@type":"Exchange","avoidedProduct":false,"input":true,"amount":2.9616E-6,"flow":{"@type":"Flow","@id":"80796ef1-7bdd-3076-80d3-063f3f15d9e9","name":"chlorine, liquid, production mix, at plant"},"unit":{"@type":"Unit","@id":"20aadc24-a391-41cf-b340-3e4529f44bde","name":"kg"},"flowProperty":{"@type":"FlowProperty","@id":"93a60a56-a3c8-11da-a746-0800200b9a66","name":"Mass"},"uncertainty":{"@type":"Uncertainty","distributionType":"LOG_NORMAL_DISTRIBUTION","geomMean":2.9616E-6,"geomSd":1.0}},{"@type":"Exchange","avoidedProduct":false,"input":true,"amount":6.329E-9,"flow":{"@type":"Flow","@id":"b38f2ceb-3cfb-32dc-a365-7bf6717484de","name":"cogen unit 160kWe, common components for heat+electricity"},"unit":{"@type":"Unit","@id":"6dabe201-aaac-4509-92f0-d00c26cb72ab","name":"Item(s)"},"flowProperty":{"@type":"FlowProperty","@id":"01846770-4cfe-4a25-8ad9-919d8d378345","name":"Number of items"},"uncertainty":{"@type":"Uncertainty","distributionType":"LOG_NORMAL_DISTRIBUTION","geomMean":6.329E-9,"geomSd":1.0}},{"@type":"Exchange","avoidedProduct":false,"input":true,"amount":8.1782E-9,"flow":{"@type":"Flow","@id":"27d110a7-5dce-3d1e-992e-e46c263e0db0","name":"cogen unit 160kWe, components for electricity only"},"unit":{"@type":"Unit","@id":"6dabe201-aaac-4509-92f0-d00c26cb72ab","name":"Item(s)"},"flowProperty":{"@type":"FlowProperty","@id":"01846770-4cfe-4a25-8ad9-919d8d378345","name":"Number of items"},"uncertainty":{"@type":"Uncertainty","distributionType":"LOG_NORMAL_DISTRIBUTION","geomMean":8.1782E-9,"geomSd":1.0}},{"@type":"Exchange","avoidedProduct":false,"input":true,"amount":2.176E-9,"flow":{"@type":"Flow","@id":"d115fcdf-fc5e-3d41-a038-b72dfd858a93","name":"cogen unit 6400kWth, wood burning, building"},"unit":{"@type":"Unit","@id":"6dabe201-aaac-4509-92f0-d00c26cb72ab","name":"Item(s)"},"flowProperty":{"@type":"FlowProperty","@id":"01846770-4cfe-4a25-8ad9-919d8d378345","name":"Number of items"},"uncertainty":{"@type":"Uncertainty","distributionType":"LOG_NORMAL_DISTRIBUTION","geomMean":2.176E-9,"geomSd":1.0}},{"@type":"Exchange","avoidedProduct":false,"input":true,"amount":8.7127E-9,"flow":{"@type":"Flow","@id":"ef44d327-75ec-3ce7-9cb9-09c9d3ce56c2","name":"cogen unit 6400kWth, wood burning, common components for heat+electricity"},"unit":{"@type":"Unit","@id":"6dabe201-aaac-4509-92f0-d00c26cb72ab","name":"Item(s)"},"flowProperty":{"@type":"FlowProperty","@id":"01846770-4cfe-4a25-8ad9-919d8d378345","name":"Number of items"},"uncertainty":{"@type":"Uncertainty","distributionType":"LOG_NORMAL_DISTRIBUTION","geomMean":8.7127E-9,"geomSd":1.0}},{"@type":"Exchange","avoidedProduct":false,"input":true,"amount":3.5857E-8,"flow":{"@type":"Flow","@id":"41517be6-dd01-3d2d-9920-51a548f18a61","name":"cogen unit 6400kWth, wood burning, components for electricity only"},"unit":{"@type":"Unit","@id":"6dabe201-aaac-4509-92f0-d00c26cb72ab","name":"Item(s)"},"flowProperty":{"@type":"FlowProperty","@id":"01846770-4cfe-4a25-8ad9-919d8d378345","name":"Number of items"},"uncertainty":{"@type":"Uncertainty","distributionType":"LOG_NORMAL_DISTRIBUTION","geomMean":3.5857E-8,"geomSd":1.0}},{"@type":"Exchange","avoidedProduct":false,"input":true,"amount":3.9438E-9,"flow":{"@type":"Flow","@id":"232315bf-4d44-3e56-96c8-16195b9e5d41","name":"disposal, decarbonising waste, 30% water, to residual material landfill"},"unit":{"@type":"Unit","@id":"20aadc24-a391-41cf-b340-3e4529f44bde","name":"kg"},"flowProperty":{"@type":"FlowProperty","@id":"93a60a56-a3c8-11da-a746-0800200b9a66","name":"Mass"},"uncertainty":{"@type":"Uncertainty","distributionType":"LOG_NORMAL_DISTRIBUTION","geomMean":3.9438E-9,"geomSd":1.0}},{"@type":"Exchange","avoidedProduct":false,"input":true,"amount":2.9616E-5,"flow":{"@type":"Flow","@id":"5f5d8b62-3341-3d36-9c4e-56c52e260d65","name":"disposal, municipal solid waste, 22.9% water, to municipal incineration"},"unit":{"@type":"Unit","@id":"20aadc24-a391-41cf-b340-3e4529f44bde","name":"kg"},"flowProperty":{"@type":"FlowProperty","@id":"93a60a56-a3c8-11da-a746-0800200b9a66","name":"Mass"},"uncertainty":{"@type":"Uncertainty","distributionType":"LOG_NORMAL_DISTRIBUTION","geomMean":2.9616E-5,"geomSd":1.0}},{"@type":"Exchange","avoidedProduct":false,"input":true,"amount":6.7589E-5,"flow":{"@type":"Flow","@id":"842c3b55-6799-30b4-9d5f-639bf8d6e3b1","name":"disposal, used mineral oil, 10% water, to hazardous waste incineration"},"unit":{"@type":"Unit","@id":"20aadc24-a391-41cf-b340-3e4529f44bde","name":"kg"},"flowProperty":{"@type":"FlowProperty","@id":"93a60a56-a3c8-11da-a746-0800200b9a66","name":"Mass"},"uncertainty":{"@type":"Uncertainty","distributionType":"LOG_NORMAL_DISTRIBUTION","geomMean":6.7589E-5,"geomSd":1.0}},{"@type":"Exchange","avoidedProduct":false,"input":true,"amount":0.0011918,"flow":{"@type":"Flow","@id":"8d83d1d9-6a21-333c-be34-56664a67849d","name":"disposal, wood ash mixture, pure, 0% water, to landfarming"},"unit":{"@type":"Unit","@id":"20aadc24-a391-41cf-b340-3e4529f44bde","name":"kg"},"flowProperty":{"@type":"FlowProperty","@id":"93a60a56-a3c8-11da-a746-0800200b9a66","name":"Mass"},"uncertainty":{"@type":"Uncertainty","distributionType":"LOG_NORMAL_DISTRIBUTION","geomMean":0.0011918,"geomSd":1.0}},{"@type":"Exchange","avoidedProduct":false,"input":true,"amount":0.0011918,"flow":{"@type":"Flow","@id":"37a1c3ae-9c35-355d-b9d9-6202b93f1c1b","name":"disposal, wood ash mixture, pure, 0% water, to municipal incineration"},"unit":{"@type":"Unit","@id":"20aadc24-a391-41cf-b340-3e4529f44bde","name":"kg"},"flowProperty":{"@type":"FlowProperty","@id":"93a60a56-a3c8-11da-a746-0800200b9a66","name":"Mass"},"uncertainty":{"@type":"Uncertainty","distributionType":"LOG_NORMAL_DISTRIBUTION","geomMean":0.0011918,"geomSd":1.0}},{"@type":"Exchange","avoidedProduct":false,"input":true,"amount":0.0023927,"flow":{"@type":"Flow","@id":"0a3e6fc5-125f-32c8-b531-ed70b1ca6b74","name":"disposal, wood ash mixture, pure, 0% water, to sanitary landfill"},"unit":{"@type":"Unit","@id":"20aadc24-a391-41cf-b340-3e4529f44bde","name":"kg"},"flowProperty":{"@type":"FlowProperty","@id":"93a60a56-a3c8-11da-a746-0800200b9a66","name":"Mass"},"uncertainty":{"@type":"Uncertainty","distributionType":"LOG_NORMAL_DISTRIBUTION","geomMean":0.0023927,"geomSd":1.0}},{"@type":"Exchange","avoidedProduct":false,"input":true,"amount":1.1014E-10,"flow":{"@type":"Flow","@id":"bbb20302-99c3-3c70-9d7f-9f54a6c49e76","name":"hydrochloric acid, 30% in H2O, at plant"},"unit":{"@type":"Unit","@id":"20aadc24-a391-41cf-b340-3e4529f44bde","name":"kg"},"flowProperty":{"@type":"FlowProperty","@id":"93a60a56-a3c8-11da-a746-0800200b9a66","name":"Mass"},"uncertainty":{"@type":"Uncertainty","distributionType":"LOG_NORMAL_DISTRIBUTION","geomMean":1.1014E-10,"geomSd":1.0}},{"@type":"Exchange","avoidedProduct":false,"input":true,"amount":1.5704E-9,"flow":{"@type":"Flow","@id":"3a69b037-90a4-3e38-833a-2df45fe9e931","name":"iron (III) chloride, 40% in H2O, at plant"},"unit":{"@type":"Unit","@id":"20aadc24-a391-41cf-b340-3e4529f44bde","name":"kg"},"flowProperty":{"@type":"FlowProperty","@id":"93a60a56-a3c8-11da-a746-0800200b9a66","name":"Mass"},"uncertainty":{"@type":"Uncertainty","distributionType":"LOG_NORMAL_DISTRIBUTION","geomMean":1.5704E-9,"geomSd":1.0}},{"@type":"Exchange","avoidedProduct":false,"input":true,"amount":1.4638E-9,"flow":{"@type":"Flow","@id":"72ab89a5-f97b-35c1-b8ba-7109480423e0","name":"lime, hydrated, packed, at plant"},"unit":{"@type":"Unit","@id":"20aadc24-a391-41cf-b340-3e4529f44bde","name":"kg"},"flowProperty":{"@type":"FlowProperty","@id":"93a60a56-a3c8-11da-a746-0800200b9a66","name":"Mass"},"uncertainty":{"@type":"Uncertainty","distributionType":"LOG_NORMAL_DISTRIBUTION","geomMean":1.4638E-9,"geomSd":1.0}},{"@type":"Exchange","avoidedProduct":false,"input":true,"amount":6.7589E-5,"flow":{"@type":"Flow","@id":"f9c157d0-4da2-3aad-a760-721e21011b70","name":"lubricating oil, at plant"},"unit":{"@type":"Unit","@id":"20aadc24-a391-41cf-b340-3e4529f44bde","name":"kg"},"flowProperty":{"@type":"FlowProperty","@id":"93a60a56-a3c8-11da-a746-0800200b9a66","name":"Mass"},"uncertainty":{"@type":"Uncertainty","distributionType":"LOG_NORMAL_DISTRIBUTION","geomMean":6.7589E-5,"geomSd":1.0}},{"@type":"Exchange","avoidedProduct":false,"input":true,"amount":3.7019E-5,"flow":{"@type":"Flow","@id":"f4db9fb1-8e91-3b9c-a4e7-4d41ed796baf","name":"sodium chloride, powder, at plant"},"unit":{"@type":"Unit","@id":"20aadc24-a391-41cf-b340-3e4529f44bde","name":"kg"},"flowProperty":{"@type":"FlowProperty","@id":"93a60a56-a3c8-11da-a746-0800200b9a66","name":"Mass"},"uncertainty":{"@type":"Uncertainty","distributionType":"LOG_NORMAL_DISTRIBUTION","geomMean":3.7019E-5,"geomSd":1.0}},{"@type":"Exchange","avoidedProduct":false,"input":true,"amount":1.8902E-9,"flow":{"@type":"Flow","@id":"cd8f34e5-c83d-3bb1-a969-a5a1f06294f8","name":"transport, freight, rail"},"unit":{"@type":"Unit","@id":"0dea4ed8-bb6b-4049-b2b4-b2c413ef2180","name":"t*km"},"flowProperty":{"@type":"FlowProperty","@id":"838aaa20-0117-11db-92e3-0800200c9a66","name":"Goods transport (mass*distance)"},"uncertainty":{"@type":"Uncertainty","distributionType":"LOG_NORMAL_DISTRIBUTION","geomMean":1.8902E-9,"geomSd":1.0}},{"@type":"Exchange","avoidedProduct":false,"input":true,"amount":3.1479E-10,"flow":{"@type":"Flow","@id":"77456ed6-d785-359c-91a4-7e915a41541e","name":"transport, lorry \u003e16t, fleet average"},"unit":{"@type":"Unit","@id":"0dea4ed8-bb6b-4049-b2b4-b2c413ef2180","name":"t*km"},"flowProperty":{"@type":"FlowProperty","@id":"838aaa20-0117-11db-92e3-0800200c9a66","name":"Goods transport (mass*distance)"},"uncertainty":{"@type":"Uncertainty","distributionType":"LOG_NORMAL_DISTRIBUTION","geomMean":3.1479E-10,"geomSd":1.0}},{"@type":"Exchange","avoidedProduct":false,"input":true,"amount":0.043249,"flow":{"@type":"Flow","@id":"b29e7f04-53f6-318b-8650-d76d185fbf98","name":"transport, lorry 20-28t, fleet average"},"unit":{"@type":"Unit","@id":"0dea4ed8-bb6b-4049-b2b4-b2c413ef2180","name":"t*km"},"flowProperty":{"@type":"FlowProperty","@id":"838aaa20-0117-11db-92e3-0800200c9a66","name":"Goods transport (mass*distance)"},"uncertainty":{"@type":"Uncertainty","distributionType":"LOG_NORMAL_DISTRIBUTION","geomMean":0.043249,"geomSd":1.0}},{"@type":"Exchange","avoidedProduct":false,"input":true,"amount":7.1059E-6,"flow":{"@type":"Flow","@id":"c9a51184-4318-3c78-a240-2f98cd7c9de6","name":"treatment, sewage, to wastewater treatment, class 2"},"unit":{"@type":"Unit","@id":"1c3a9695-398d-4b1f-b07e-a8715b610f70","name":"m3"},"flowProperty":{"@type":"FlowProperty","@id":"93a60a56-a3c8-22da-a746-0800200c9a66","name":"Volume"},"uncertainty":{"@type":"Uncertainty","distributionType":"LOG_NORMAL_DISTRIBUTION","geomMean":7.1059E-6,"geomSd":1.0}},{"@type":"Exchange","avoidedProduct":false,"input":true,"amount":1.7765E-7,"flow":{"@type":"Flow","@id":"2b9f1992-a04b-3799-9cbc-86e12e592f50","name":"treatment, sewage, unpolluted, to wastewater treatment, class 3"},"unit":{"@type":"Unit","@id":"1c3a9695-398d-4b1f-b07e-a8715b610f70","name":"m3"},"flowProperty":{"@type":"FlowProperty","@id":"93a60a56-a3c8-22da-a746-0800200c9a66","name":"Volume"},"uncertainty":{"@type":"Uncertainty","distributionType":"LOG_NORMAL_DISTRIBUTION","geomMean":1.7765E-7,"geomSd":1.0}},{"@type":"Exchange","avoidedProduct":false,"input":true,"amount":0.0026004,"flow":{"@type":"Flow","@id":"2f6b3f94-1d1c-304f-be74-42175c9fca5c","name":"wood chips, mixed, from industry, u\u003d40%, at plant"},"unit":{"@type":"Unit","@id":"1c3a9695-398d-4b1f-b07e-a8715b610f70","name":"m3"},"flowProperty":{"@type":"FlowProperty","@id":"93a60a56-a3c8-22da-a746-0800200c9a66","name":"Volume"},"uncertainty":{"@type":"Uncertainty","distributionType":"LOG_NORMAL_DISTRIBUTION","geomMean":0.0026004,"geomSd":1.0}},{"@type":"Exchange","avoidedProduct":false,"input":true,"amount":0.094058,"flow":{"@type":"Flow","@id":"4662c99f-d1a2-3d4c-b865-873f3e573759","name":"Water, fresh"},"unit":{"@type":"Unit","@id":"1c3a9695-398d-4b1f-b07e-a8715b610f70","name":"m3"},"flowProperty":{"@type":"FlowProperty","@id":"93a60a56-a3c8-22da-a746-0800200c9a66","name":"Volume"},"uncertainty":{"@type":"Uncertainty","distributionType":"LOG_NORMAL_DISTRIBUTION","geomMean":0.094058,"geomSd":1.0}},{"@type":"Exchange","avoidedProduct":false,"input":true,"amount":0.038418,"flow":{"@type":"Flow","@id":"05b08af9-8a22-3264-801f-6c5f4e6913b9","name":"Water, salt, ocean"},"unit":{"@type":"Unit","@id":"1c3a9695-398d-4b1f-b07e-a8715b610f70","name":"m3"},"flowProperty":{"@type":"FlowProperty","@id":"93a60a56-a3c8-22da-a746-0800200c9a66","name":"Volume"},"uncertainty":{"@type":"Uncertainty","distributionType":"LOG_NORMAL_DISTRIBUTION","geomMean":0.038418,"geomSd":1.0}},{"@type":"Exchange","avoidedProduct":false,"input":false,"amount":0.0011355,"flow":{"@type":"Flow","@id":"8e1a0c91-b714-383f-b440-c1c09a17daa0","name":"Water"},"unit":{"@type":"Unit","@id":"1c3a9695-398d-4b1f-b07e-a8715b610f70","name":"m3"},"flowProperty":{"@type":"FlowProperty","@id":"93a60a56-a3c8-22da-a746-0800200c9a66","name":"Volume"},"uncertainty":{"@type":"Uncertainty","distributionType":"LOG_NORMAL_DISTRIBUTION","geomMean":0.0011355,"geomSd":1.0}},{"@type":"Exchange","avoidedProduct":false,"input":false,"amount":0.093251,"flow":{"@type":"Flow","@id":"6e366cab-6977-3ef3-b52b-ab747e1f2b82","name":"Water"},"unit":{"@type":"Unit","@id":"1c3a9695-398d-4b1f-b07e-a8715b610f70","name":"m3"},"flowProperty":{"@type":"FlowProperty","@id":"93a60a56-a3c8-22da-a746-0800200c9a66","name":"Volume"},"uncertainty":{"@type":"Uncertainty","distributionType":"LOG_NORMAL_DISTRIBUTION","geomMean":0.093251,"geomSd":1.0}},{"@type":"Exchange","avoidedProduct":false,"input":false,"amount":0.038089,"flow":{"@type":"Flow","@id":"535eb701-59f4-3fa8-9cec-bb7b6c908482","name":"Water"},"unit":{"@type":"Unit","@id":"1c3a9695-398d-4b1f-b07e-a8715b610f70","name":"m3"},"flowProperty":{"@type":"FlowProperty","@id":"93a60a56-a3c8-22da-a746-0800200c9a66","name":"Volume"},"uncertainty":{"@type":"Uncertainty","distributionType":"LOG_NORMAL_DISTRIBUTION","geomMean":0.038089,"geomSd":1.0}},{"@type":"Exchange","avoidedProduct":false,"input":false,"amount":1.7299,"flow":{"@type":"Flow","@id":"5e738bf0-6bfe-3acd-8dcb-c74fe4f18b53","name":"Carbon dioxide"},"unit":{"@type":"Unit","@id":"20aadc24-a391-41cf-b340-3e4529f44bde","name":"kg"},"flowProperty":{"@type":"FlowProperty","@id":"93a60a56-a3c8-11da-a746-0800200b9a66","name":"Mass"},"uncertainty":{"@type":"Uncertainty","distributionType":"LOG_NORMAL_DISTRIBUTION","geomMean":1.7299,"geomSd":1.0}},{"@type":"Exchange","avoidedProduct":false,"input":false,"amount":5.509E-4,"flow":{"@type":"Flow","@id":"d25cd0b7-4fc5-3be0-88d3-2d661482fde2","name":"Methane"},"unit":{"@type":"Unit","@id":"20aadc24-a391-41cf-b340-3e4529f44bde","name":"kg"},"flowProperty":{"@type":"FlowProperty","@id":"93a60a56-a3c8-11da-a746-0800200b9a66","name":"Mass"},"uncertainty":{"@type":"Uncertainty","distributionType":"LOG_NORMAL_DISTRIBUTION","geomMean":5.509E-4,"geomSd":1.0}},{"@type":"Exchange","avoidedProduct":false,"input":false,"amount":7.48E-5,"flow":{"@type":"Flow","@id":"37236b2f-b18d-35a7-9860-d9149c1763f1","name":"Nitrous Oxide (N2O)"},"unit":{"@type":"Unit","@id":"20aadc24-a391-41cf-b340-3e4529f44bde","name":"kg"},"flowProperty":{"@type":"FlowProperty","@id":"93a60a56-a3c8-11da-a746-0800200b9a66","name":"Mass"},"uncertainty":{"@type":"Uncertainty","distributionType":"LOG_NORMAL_DISTRIBUTION","geomMean":7.48E-5,"geomSd":1.0}},{"@type":"Exchange","avoidedProduct":false,"input":false,"amount":0.0050041,"flow":{"@type":"Flow","@id":"1827a862-ccac-37ac-9ad7-d2dffe71058c","name":"Nitrogen oxides"},"unit":{"@type":"Unit","@id":"20aadc24-a391-41cf-b340-3e4529f44bde","name":"kg"},"flowProperty":{"@type":"FlowProperty","@id":"93a60a56-a3c8-11da-a746-0800200b9a66","name":"Mass"},"uncertainty":{"@type":"Uncertainty","distributionType":"LOG_NORMAL_DISTRIBUTION","geomMean":0.0050041,"geomSd":1.0}},{"@type":"Exchange","avoidedProduct":false,"input":false,"amount":0.012977,"flow":{"@type":"Flow","@id":"f3b780ae-13cf-385a-80b1-f2aede2ed839","name":"Sulfur dioxide"},"unit":{"@type":"Unit","@id":"20aadc24-a391-41cf-b340-3e4529f44bde","name":"kg"},"flowProperty":{"@type":"FlowProperty","@id":"93a60a56-a3c8-11da-a746-0800200b9a66","name":"Mass"},"uncertainty":{"@type":"Uncertainty","distributionType":"LOG_NORMAL_DISTRIBUTION","geomMean":0.012977,"geomSd":1.0}},{"@type":"Exchange","avoidedProduct":false,"input":false,"amount":6.518E-4,"flow":{"@type":"Flow","@id":"441e7e96-6101-3856-ac4f-8f74c8005ba9","name":"Particulates, \u003e 2.5 um, and \u003c 10um"},"unit":{"@type":"Unit","@id":"20aadc24-a391-41cf-b340-3e4529f44bde","name":"kg"},"flowProperty":{"@type":"FlowProperty","@id":"93a60a56-a3c8-11da-a746-0800200b9a66","name":"Mass"},"uncertainty":{"@type":"Uncertainty","distributionType":"LOG_NORMAL_DISTRIBUTION","geomMean":6.518E-4,"geomSd":1.0}},{"@type":"Exchange","avoidedProduct":false,"input":false,"amount":0.0022239,"flow":{"@type":"Flow","@id":"e10319a4-662e-3d3a-b3dc-03bbbca0e66f","name":"Particulates, \u003c 2.5 um"},"unit":{"@type":"Unit","@id":"20aadc24-a391-41cf-b340-3e4529f44bde","name":"kg"},"flowProperty":{"@type":"FlowProperty","@id":"93a60a56-a3c8-11da-a746-0800200b9a66","name":"Mass"},"uncertainty":{"@type":"Uncertainty","distributionType":"LOG_NORMAL_DISTRIBUTION","geomMean":0.0022239,"geomSd":1.0}},{"@type":"Exchange","avoidedProduct":false,"input":false,"amount":1.352E-4,"flow":{"@type":"Flow","@id":"14dde4c7-2655-3a40-897a-1a8fa48c777a","name":"VOC, volatile organic compounds"},"unit":{"@type":"Unit","@id":"20aadc24-a391-41cf-b340-3e4529f44bde","name":"kg"},"flowProperty":{"@type":"FlowProperty","@id":"93a60a56-a3c8-11da-a746-0800200b9a66","name":"Mass"},"uncertainty":{"@type":"Uncertainty","distributionType":"LOG_NORMAL_DISTRIBUTION","geomMean":1.352E-4,"geomSd":1.0}},{"@type":"Exchange","avoidedProduct":false,"input":false,"amount":0.0047373,"flow":{"@type":"Flow","@id":"80c9c183-6e8e-3cba-a608-1d70820c3ce9","name":"Carbon monoxide"},"unit":{"@type":"Unit","@id":"20aadc24-a391-41cf-b340-3e4529f44bde","name":"kg"},"flowProperty":{"@type":"FlowProperty","@id":"93a60a56-a3c8-11da-a746-0800200b9a66","name":"Mass"},"uncertainty":{"@type":"Uncertainty","distributionType":"LOG_NORMAL_DISTRIBUTION","geomMean":0.0047373,"geomSd":1.0}}]}