{"@context":{"@vocab":"http://openlca.org/schema/v1.0/","@base":"http://openlca.org/schema/v1.0/","modelType":{"@type":"@vocab"},"flowPropertyType":{"@type":"@vocab"},"flowType":{"@type":"@vocab"},"distributionType":{"@type":"@vocab"},"parameterScope":{"@type":"@vocab"},"allocationType":{"@type":"@vocab"},"defaultAllocationMethod":{"@type":"@vocab"},"processType":{"@type":"@vocab"}},"@type":"Process","@id":"3e057de3-2bc7-3a89-9e86-57c6eda8b101","name":"electricity, oil ","description":"0","category":{"@type":"Category","@id":"540e5443-4c8c-434c-bfc6-8880abadcdaa","name":"US"},"version":"00.00.000","lastChange":"2014-07-29T12:43:45-04:00","processTyp":"UNIT_PROCESS","location":{"@type":"Location","@id":"0b3b97fa-6688-3c56-88ee-4ae80ec0c3c2","name":"US"},"processDocumentation":{"@type":"ProcessDocumentation","technologyDescription":"US average.","reviewDetails":"Passed none","samplingDescription":"Some Relevant Flows Not Captured","restrictionsDescription":"All information can be accessed by everybody.","copyright":false,"validFrom":"2010-01-01T00:00:00.000-05:00","validUntil":"2010-01-01T00:00:00.000-05:00","creationDate":"2014-07-29T12:43:45.000-04:00","geographyDescription":"0","dataDocumentor":{"@type":"Actor","@id":"6f177307-805e-393d-bafa-91571daab689","name":"Donnie Vineyard"},"dataGenerator":{"@type":"Actor","@id":"6f177307-805e-393d-bafa-91571daab689","name":"Donnie Vineyard"},"sources":[{"@type":"Source","@id":"c0d414be-940c-3775-9260-fa33cfc1bb5a","name":"US EPA 2014"},{"@type":"Source","@id":"45ca3392-b551-3862-9bec-5b1fd1bb8aee","name":"US EPA 2013"},{"@type":"Source","@id":"0dc09ee9-a17d-3c99-a6bf-86e9fa72e96e","name":"US EPA 2013"},{"@type":"Source","@id":"47f3fc63-4040-30c3-885a-cde79588b555","name":"ecoinvent Centre 2010"},{"@type":"Source","@id":"0d5753c8-cd9c-3ca5-a9e0-32fc75ad14f3","name":"Madknick et al.  2011"},{"@type":"Source","@id":"60121ad9-7417-3f7a-a3ef-bee33aa04156","name":"0 null"},{"@type":"Source","@id":"60121ad9-7417-3f7a-a3ef-bee33aa04156","name":"0 null"},{"@type":"Source","@id":"60121ad9-7417-3f7a-a3ef-bee33aa04156","name":"0 null"},{"@type":"Source","@id":"60121ad9-7417-3f7a-a3ef-bee33aa04156","name":"0 null"}]},"exchanges":[{"@type":"Exchange","avoidedProduct":false,"input":false,"amount":1.0,"flow":{"@type":"Flow","@id":"5675b2ec-2b42-330e-964f-fef1f101ff35","name":"electricity, oil "},"unit":{"@type":"Unit","@id":"86ad2244-1f0e-4912-af53-7865283103e4","name":"kWh"},"flowProperty":{"@type":"FlowProperty","@id":"f6811440-ee37-11de-8a39-0800200c9a66","name":"Energy"},"quantitativeReference":true},{"@type":"Exchange","avoidedProduct":false,"input":true,"amount":6.03E-4,"flow":{"@type":"Flow","@id":"02376cfd-f841-3df7-91e0-4b2e11df6185","name":"ammonia, liquid, at regional storehouse"},"unit":{"@type":"Unit","@id":"20aadc24-a391-41cf-b340-3e4529f44bde","name":"kg"},"flowProperty":{"@type":"FlowProperty","@id":"93a60a56-a3c8-11da-a746-0800200b9a66","name":"Mass"},"uncertainty":{"@type":"Uncertainty","distributionType":"LOG_NORMAL_DISTRIBUTION","geomMean":6.03E-4,"geomSd":1.0}},{"@type":"Exchange","avoidedProduct":false,"input":true,"amount":2.1661E-5,"flow":{"@type":"Flow","@id":"5e381ad1-d0a6-359a-b104-21eaeb435916","name":"disposal, bilge oil, 90% water, to hazardous waste incineration"},"unit":{"@type":"Unit","@id":"20aadc24-a391-41cf-b340-3e4529f44bde","name":"kg"},"flowProperty":{"@type":"FlowProperty","@id":"93a60a56-a3c8-11da-a746-0800200b9a66","name":"Mass"},"uncertainty":{"@type":"Uncertainty","distributionType":"LOG_NORMAL_DISTRIBUTION","geomMean":2.1661E-5,"geomSd":1.0}},{"@type":"Exchange","avoidedProduct":false,"input":true,"amount":3.1523E-7,"flow":{"@type":"Flow","@id":"232315bf-4d44-3e56-96c8-16195b9e5d41","name":"disposal, decarbonising waste, 30% water, to residual material landfill"},"unit":{"@type":"Unit","@id":"20aadc24-a391-41cf-b340-3e4529f44bde","name":"kg"},"flowProperty":{"@type":"FlowProperty","@id":"93a60a56-a3c8-11da-a746-0800200b9a66","name":"Mass"},"uncertainty":{"@type":"Uncertainty","distributionType":"LOG_NORMAL_DISTRIBUTION","geomMean":3.1523E-7,"geomSd":1.0}},{"@type":"Exchange","avoidedProduct":false,"input":true,"amount":4.5171E-5,"flow":{"@type":"Flow","@id":"90a169df-ad21-3eba-9381-cddca0bcec1a","name":"disposal, lignite ash, 0% water, to opencast refill"},"unit":{"@type":"Unit","@id":"20aadc24-a391-41cf-b340-3e4529f44bde","name":"kg"},"flowProperty":{"@type":"FlowProperty","@id":"93a60a56-a3c8-11da-a746-0800200b9a66","name":"Mass"},"uncertainty":{"@type":"Uncertainty","distributionType":"LOG_NORMAL_DISTRIBUTION","geomMean":4.5171E-5,"geomSd":1.0}},{"@type":"Exchange","avoidedProduct":false,"input":true,"amount":1.385E-4,"flow":{"@type":"Flow","@id":"5f5d8b62-3341-3d36-9c4e-56c52e260d65","name":"disposal, municipal solid waste, 22.9% water, to municipal incineration"},"unit":{"@type":"Unit","@id":"20aadc24-a391-41cf-b340-3e4529f44bde","name":"kg"},"flowProperty":{"@type":"FlowProperty","@id":"93a60a56-a3c8-11da-a746-0800200b9a66","name":"Mass"},"uncertainty":{"@type":"Uncertainty","distributionType":"LOG_NORMAL_DISTRIBUTION","geomMean":1.385E-4,"geomSd":1.0}},{"@type":"Exchange","avoidedProduct":false,"input":true,"amount":1.1347E-4,"flow":{"@type":"Flow","@id":"dda1f4ec-e308-332c-877f-5109ab41f330","name":"disposal, residue from cooling tower, 30% water, to sanitary landfill"},"unit":{"@type":"Unit","@id":"20aadc24-a391-41cf-b340-3e4529f44bde","name":"kg"},"flowProperty":{"@type":"FlowProperty","@id":"93a60a56-a3c8-11da-a746-0800200b9a66","name":"Mass"},"uncertainty":{"@type":"Uncertainty","distributionType":"LOG_NORMAL_DISTRIBUTION","geomMean":1.1347E-4,"geomSd":1.0}},{"@type":"Exchange","avoidedProduct":false,"input":true,"amount":1.96E-5,"flow":{"@type":"Flow","@id":"108489b0-2dcd-3f77-8bac-ef33b6eba5cc","name":"disposal, separator sludge, 90% water, to hazardous waste incineration"},"unit":{"@type":"Unit","@id":"20aadc24-a391-41cf-b340-3e4529f44bde","name":"kg"},"flowProperty":{"@type":"FlowProperty","@id":"93a60a56-a3c8-11da-a746-0800200b9a66","name":"Mass"},"uncertainty":{"@type":"Uncertainty","distributionType":"LOG_NORMAL_DISTRIBUTION","geomMean":1.96E-5,"geomSd":1.0}},{"@type":"Exchange","avoidedProduct":false,"input":true,"amount":5.0215E-4,"flow":{"@type":"Flow","@id":"842c3b55-6799-30b4-9d5f-639bf8d6e3b1","name":"disposal, used mineral oil, 10% water, to hazardous waste incineration"},"unit":{"@type":"Unit","@id":"20aadc24-a391-41cf-b340-3e4529f44bde","name":"kg"},"flowProperty":{"@type":"FlowProperty","@id":"93a60a56-a3c8-11da-a746-0800200b9a66","name":"Mass"},"uncertainty":{"@type":"Uncertainty","distributionType":"LOG_NORMAL_DISTRIBUTION","geomMean":5.0215E-4,"geomSd":1.0}},{"@type":"Exchange","avoidedProduct":false,"input":true,"amount":0.0014724,"flow":{"@type":"Flow","@id":"6fd6c1f1-ad64-305d-aec8-0dd143cebb8c","name":"Residual fuel oil, at production facility"},"unit":{"@type":"Unit","@id":"91995a9e-3cb4-4fc9-a93b-8c618ff9b948","name":"bbl"},"flowProperty":{"@type":"FlowProperty","@id":"93a60a56-a3c8-22da-a746-0800200c9a66","name":"Volume"},"uncertainty":{"@type":"Uncertainty","distributionType":"LOG_NORMAL_DISTRIBUTION","geomMean":0.0014724,"geomSd":1.0}},{"@type":"Exchange","avoidedProduct":false,"input":true,"amount":1.19E-7,"flow":{"@type":"Flow","@id":"bbb20302-99c3-3c70-9d7f-9f54a6c49e76","name":"hydrochloric acid, 30% in H2O, at plant"},"unit":{"@type":"Unit","@id":"20aadc24-a391-41cf-b340-3e4529f44bde","name":"kg"},"flowProperty":{"@type":"FlowProperty","@id":"93a60a56-a3c8-11da-a746-0800200b9a66","name":"Mass"},"uncertainty":{"@type":"Uncertainty","distributionType":"LOG_NORMAL_DISTRIBUTION","geomMean":1.19E-7,"geomSd":1.0}},{"@type":"Exchange","avoidedProduct":false,"input":true,"amount":1.2552E-7,"flow":{"@type":"Flow","@id":"3a69b037-90a4-3e38-833a-2df45fe9e931","name":"iron (III) chloride, 40% in H2O, at plant"},"unit":{"@type":"Unit","@id":"20aadc24-a391-41cf-b340-3e4529f44bde","name":"kg"},"flowProperty":{"@type":"FlowProperty","@id":"93a60a56-a3c8-11da-a746-0800200b9a66","name":"Mass"},"uncertainty":{"@type":"Uncertainty","distributionType":"LOG_NORMAL_DISTRIBUTION","geomMean":1.2552E-7,"geomSd":1.0}},{"@type":"Exchange","avoidedProduct":false,"input":true,"amount":1.17E-7,"flow":{"@type":"Flow","@id":"72ab89a5-f97b-35c1-b8ba-7109480423e0","name":"lime, hydrated, packed, at plant"},"unit":{"@type":"Unit","@id":"20aadc24-a391-41cf-b340-3e4529f44bde","name":"kg"},"flowProperty":{"@type":"FlowProperty","@id":"93a60a56-a3c8-11da-a746-0800200b9a66","name":"Mass"},"uncertainty":{"@type":"Uncertainty","distributionType":"LOG_NORMAL_DISTRIBUTION","geomMean":1.17E-7,"geomSd":1.0}},{"@type":"Exchange","avoidedProduct":false,"input":true,"amount":0.013129,"flow":{"@type":"Flow","@id":"0008e101-d9d5-35f6-be8e-839b5f8e3b63","name":"limestone, crushed, washed"},"unit":{"@type":"Unit","@id":"20aadc24-a391-41cf-b340-3e4529f44bde","name":"kg"},"flowProperty":{"@type":"FlowProperty","@id":"93a60a56-a3c8-11da-a746-0800200b9a66","name":"Mass"},"uncertainty":{"@type":"Uncertainty","distributionType":"LOG_NORMAL_DISTRIBUTION","geomMean":0.013129,"geomSd":1.0}},{"@type":"Exchange","avoidedProduct":false,"input":true,"amount":1.1791E-11,"flow":{"@type":"Flow","@id":"4448c4df-601f-3381-a4ec-31ba01834f46","name":"oil power plant 500MW"},"unit":{"@type":"Unit","@id":"6dabe201-aaac-4509-92f0-d00c26cb72ab","name":"Item(s)"},"flowProperty":{"@type":"FlowProperty","@id":"01846770-4cfe-4a25-8ad9-919d8d378345","name":"Number of items"},"uncertainty":{"@type":"Uncertainty","distributionType":"LOG_NORMAL_DISTRIBUTION","geomMean":1.1791E-11,"geomSd":1.0}},{"@type":"Exchange","avoidedProduct":false,"input":true,"amount":2.4705E-8,"flow":{"@type":"Flow","@id":"4c4da128-9b8f-3ef5-8c60-82638b63f0f8","name":"sodium hydroxide, 50% in H2O, production mix, at plant"},"unit":{"@type":"Unit","@id":"20aadc24-a391-41cf-b340-3e4529f44bde","name":"kg"},"flowProperty":{"@type":"FlowProperty","@id":"93a60a56-a3c8-11da-a746-0800200b9a66","name":"Mass"},"uncertainty":{"@type":"Uncertainty","distributionType":"LOG_NORMAL_DISTRIBUTION","geomMean":2.4705E-8,"geomSd":1.0}},{"@type":"Exchange","avoidedProduct":false,"input":true,"amount":2.3204E-7,"flow":{"@type":"Flow","@id":"cd8f34e5-c83d-3bb1-a969-a5a1f06294f8","name":"transport, freight, rail"},"unit":{"@type":"Unit","@id":"0dea4ed8-bb6b-4049-b2b4-b2c413ef2180","name":"t*km"},"flowProperty":{"@type":"FlowProperty","@id":"838aaa20-0117-11db-92e3-0800200c9a66","name":"Goods transport (mass*distance)"},"uncertainty":{"@type":"Uncertainty","distributionType":"LOG_NORMAL_DISTRIBUTION","geomMean":2.3204E-7,"geomSd":1.0}},{"@type":"Exchange","avoidedProduct":false,"input":true,"amount":3.867E-8,"flow":{"@type":"Flow","@id":"77456ed6-d785-359c-91a4-7e915a41541e","name":"transport, lorry \u003e16t, fleet average"},"unit":{"@type":"Unit","@id":"0dea4ed8-bb6b-4049-b2b4-b2c413ef2180","name":"t*km"},"flowProperty":{"@type":"FlowProperty","@id":"838aaa20-0117-11db-92e3-0800200c9a66","name":"Goods transport (mass*distance)"},"uncertainty":{"@type":"Uncertainty","distributionType":"LOG_NORMAL_DISTRIBUTION","geomMean":3.867E-8,"geomSd":1.0}},{"@type":"Exchange","avoidedProduct":false,"input":true,"amount":1.8643E-5,"flow":{"@type":"Flow","@id":"2b9f1992-a04b-3799-9cbc-86e12e592f50","name":"treatment, sewage, unpolluted, to wastewater treatment, class 3"},"unit":{"@type":"Unit","@id":"1c3a9695-398d-4b1f-b07e-a8715b610f70","name":"m3"},"flowProperty":{"@type":"FlowProperty","@id":"93a60a56-a3c8-22da-a746-0800200c9a66","name":"Volume"},"uncertainty":{"@type":"Uncertainty","distributionType":"LOG_NORMAL_DISTRIBUTION","geomMean":1.8643E-5,"geomSd":1.0}},{"@type":"Exchange","avoidedProduct":false,"input":true,"amount":0.097685,"flow":{"@type":"Flow","@id":"4662c99f-d1a2-3d4c-b865-873f3e573759","name":"Water, fresh"},"unit":{"@type":"Unit","@id":"1c3a9695-398d-4b1f-b07e-a8715b610f70","name":"m3"},"flowProperty":{"@type":"FlowProperty","@id":"93a60a56-a3c8-22da-a746-0800200c9a66","name":"Volume"},"uncertainty":{"@type":"Uncertainty","distributionType":"LOG_NORMAL_DISTRIBUTION","geomMean":0.097685,"geomSd":1.0}},{"@type":"Exchange","avoidedProduct":false,"input":true,"amount":0.0399,"flow":{"@type":"Flow","@id":"05b08af9-8a22-3264-801f-6c5f4e6913b9","name":"Water, salt, ocean"},"unit":{"@type":"Unit","@id":"1c3a9695-398d-4b1f-b07e-a8715b610f70","name":"m3"},"flowProperty":{"@type":"FlowProperty","@id":"93a60a56-a3c8-22da-a746-0800200c9a66","name":"Volume"},"uncertainty":{"@type":"Uncertainty","distributionType":"LOG_NORMAL_DISTRIBUTION","geomMean":0.0399,"geomSd":1.0}},{"@type":"Exchange","avoidedProduct":false,"input":false,"amount":9.4625E-4,"flow":{"@type":"Flow","@id":"8e1a0c91-b714-383f-b440-c1c09a17daa0","name":"Water"},"unit":{"@type":"Unit","@id":"1c3a9695-398d-4b1f-b07e-a8715b610f70","name":"m3"},"flowProperty":{"@type":"FlowProperty","@id":"93a60a56-a3c8-22da-a746-0800200c9a66","name":"Volume"},"uncertainty":{"@type":"Uncertainty","distributionType":"LOG_NORMAL_DISTRIBUTION","geomMean":9.4625E-4,"geomSd":1.0}},{"@type":"Exchange","avoidedProduct":false,"input":false,"amount":0.097014,"flow":{"@type":"Flow","@id":"6e366cab-6977-3ef3-b52b-ab747e1f2b82","name":"Water"},"unit":{"@type":"Unit","@id":"1c3a9695-398d-4b1f-b07e-a8715b610f70","name":"m3"},"flowProperty":{"@type":"FlowProperty","@id":"93a60a56-a3c8-22da-a746-0800200c9a66","name":"Volume"},"uncertainty":{"@type":"Uncertainty","distributionType":"LOG_NORMAL_DISTRIBUTION","geomMean":0.097014,"geomSd":1.0}},{"@type":"Exchange","avoidedProduct":false,"input":false,"amount":0.039625,"flow":{"@type":"Flow","@id":"535eb701-59f4-3fa8-9cec-bb7b6c908482","name":"Water"},"unit":{"@type":"Unit","@id":"1c3a9695-398d-4b1f-b07e-a8715b610f70","name":"m3"},"flowProperty":{"@type":"FlowProperty","@id":"93a60a56-a3c8-22da-a746-0800200c9a66","name":"Volume"},"uncertainty":{"@type":"Uncertainty","distributionType":"LOG_NORMAL_DISTRIBUTION","geomMean":0.039625,"geomSd":1.0}},{"@type":"Exchange","avoidedProduct":false,"input":false,"amount":0.79288,"flow":{"@type":"Flow","@id":"5e738bf0-6bfe-3acd-8dcb-c74fe4f18b53","name":"Carbon dioxide"},"unit":{"@type":"Unit","@id":"20aadc24-a391-41cf-b340-3e4529f44bde","name":"kg"},"flowProperty":{"@type":"FlowProperty","@id":"93a60a56-a3c8-11da-a746-0800200b9a66","name":"Mass"},"uncertainty":{"@type":"Uncertainty","distributionType":"LOG_NORMAL_DISTRIBUTION","geomMean":0.79288,"geomSd":1.0}},{"@type":"Exchange","avoidedProduct":false,"input":false,"amount":3.107E-5,"flow":{"@type":"Flow","@id":"d25cd0b7-4fc5-3be0-88d3-2d661482fde2","name":"Methane"},"unit":{"@type":"Unit","@id":"20aadc24-a391-41cf-b340-3e4529f44bde","name":"kg"},"flowProperty":{"@type":"FlowProperty","@id":"93a60a56-a3c8-11da-a746-0800200b9a66","name":"Mass"},"uncertainty":{"@type":"Uncertainty","distributionType":"LOG_NORMAL_DISTRIBUTION","geomMean":3.107E-5,"geomSd":1.0}},{"@type":"Exchange","avoidedProduct":false,"input":false,"amount":6.012E-6,"flow":{"@type":"Flow","@id":"37236b2f-b18d-35a7-9860-d9149c1763f1","name":"Nitrous Oxide (N2O)"},"unit":{"@type":"Unit","@id":"20aadc24-a391-41cf-b340-3e4529f44bde","name":"kg"},"flowProperty":{"@type":"FlowProperty","@id":"93a60a56-a3c8-11da-a746-0800200b9a66","name":"Mass"},"uncertainty":{"@type":"Uncertainty","distributionType":"LOG_NORMAL_DISTRIBUTION","geomMean":6.012E-6,"geomSd":1.0}},{"@type":"Exchange","avoidedProduct":false,"input":false,"amount":0.0016233,"flow":{"@type":"Flow","@id":"1827a862-ccac-37ac-9ad7-d2dffe71058c","name":"Nitrogen oxides"},"unit":{"@type":"Unit","@id":"20aadc24-a391-41cf-b340-3e4529f44bde","name":"kg"},"flowProperty":{"@type":"FlowProperty","@id":"93a60a56-a3c8-11da-a746-0800200b9a66","name":"Mass"},"uncertainty":{"@type":"Uncertainty","distributionType":"LOG_NORMAL_DISTRIBUTION","geomMean":0.0016233,"geomSd":1.0}},{"@type":"Exchange","avoidedProduct":false,"input":false,"amount":0.003023,"flow":{"@type":"Flow","@id":"f3b780ae-13cf-385a-80b1-f2aede2ed839","name":"Sulfur dioxide"},"unit":{"@type":"Unit","@id":"20aadc24-a391-41cf-b340-3e4529f44bde","name":"kg"},"flowProperty":{"@type":"FlowProperty","@id":"93a60a56-a3c8-11da-a746-0800200b9a66","name":"Mass"},"uncertainty":{"@type":"Uncertainty","distributionType":"LOG_NORMAL_DISTRIBUTION","geomMean":0.003023,"geomSd":1.0}},{"@type":"Exchange","avoidedProduct":false,"input":false,"amount":4.1839E-5,"flow":{"@type":"Flow","@id":"441e7e96-6101-3856-ac4f-8f74c8005ba9","name":"Particulates, \u003e 2.5 um, and \u003c 10um"},"unit":{"@type":"Unit","@id":"20aadc24-a391-41cf-b340-3e4529f44bde","name":"kg"},"flowProperty":{"@type":"FlowProperty","@id":"93a60a56-a3c8-11da-a746-0800200b9a66","name":"Mass"},"uncertainty":{"@type":"Uncertainty","distributionType":"LOG_NORMAL_DISTRIBUTION","geomMean":4.1839E-5,"geomSd":1.0}},{"@type":"Exchange","avoidedProduct":false,"input":false,"amount":1.1008E-4,"flow":{"@type":"Flow","@id":"e10319a4-662e-3d3a-b3dc-03bbbca0e66f","name":"Particulates, \u003c 2.5 um"},"unit":{"@type":"Unit","@id":"20aadc24-a391-41cf-b340-3e4529f44bde","name":"kg"},"flowProperty":{"@type":"FlowProperty","@id":"93a60a56-a3c8-11da-a746-0800200b9a66","name":"Mass"},"uncertainty":{"@type":"Uncertainty","distributionType":"LOG_NORMAL_DISTRIBUTION","geomMean":1.1008E-4,"geomSd":1.0}},{"@type":"Exchange","avoidedProduct":false,"input":false,"amount":2.3566E-5,"flow":{"@type":"Flow","@id":"14dde4c7-2655-3a40-897a-1a8fa48c777a","name":"VOC, volatile organic compounds"},"unit":{"@type":"Unit","@id":"20aadc24-a391-41cf-b340-3e4529f44bde","name":"kg"},"flowProperty":{"@type":"FlowProperty","@id":"93a60a56-a3c8-11da-a746-0800200b9a66","name":"Mass"},"uncertainty":{"@type":"Uncertainty","distributionType":"LOG_NORMAL_DISTRIBUTION","geomMean":2.3566E-5,"geomSd":1.0}},{"@type":"Exchange","avoidedProduct":false,"input":false,"amount":1.5409E-4,"flow":{"@type":"Flow","@id":"80c9c183-6e8e-3cba-a608-1d70820c3ce9","name":"Carbon monoxide"},"unit":{"@type":"Unit","@id":"20aadc24-a391-41cf-b340-3e4529f44bde","name":"kg"},"flowProperty":{"@type":"FlowProperty","@id":"93a60a56-a3c8-11da-a746-0800200b9a66","name":"Mass"},"uncertainty":{"@type":"Uncertainty","distributionType":"LOG_NORMAL_DISTRIBUTION","geomMean":1.5409E-4,"geomSd":1.0}}]}