{"@context":{"@vocab":"http://openlca.org/schema/v1.0/","@base":"http://openlca.org/schema/v1.0/","modelType":{"@type":"@vocab"},"flowPropertyType":{"@type":"@vocab"},"flowType":{"@type":"@vocab"},"distributionType":{"@type":"@vocab"},"parameterScope":{"@type":"@vocab"},"allocationType":{"@type":"@vocab"},"defaultAllocationMethod":{"@type":"@vocab"},"processType":{"@type":"@vocab"}},"@type":"Process","@id":"6e05ada7-05b3-3e17-abe0-a8eed95d3c13","name":"electricity, generation resource mix","description":"0","category":{"@type":"Category","@id":"4835b031-c563-4437-94e7-12dea58e38f2","name":"BR"},"version":"00.00.000","lastChange":"2014-07-29T12:43:45-04:00","processTyp":"UNIT_PROCESS","location":{"@type":"Location","@id":"dc634e20-7282-3fe0-b5be-9a2063390544","name":"BR"},"processDocumentation":{"@type":"ProcessDocumentation","technologyDescription":"0","reviewDetails":"Passed none","samplingDescription":"Some Relevant Flows Not Captured","restrictionsDescription":"All information can be accessed by everybody.","copyright":false,"validFrom":"2010-01-01T00:00:00.000-05:00","validUntil":"2010-01-01T00:00:00.000-05:00","creationDate":"2014-07-29T12:43:45.000-04:00","geographyDescription":"0","dataDocumentor":{"@type":"Actor","@id":"6f177307-805e-393d-bafa-91571daab689","name":"Donnie Vineyard"},"dataGenerator":{"@type":"Actor","@id":"6f177307-805e-393d-bafa-91571daab689","name":"Donnie Vineyard"},"sources":[{"@type":"Source","@id":"c0d414be-940c-3775-9260-fa33cfc1bb5a","name":"US EPA 2014"},{"@type":"Source","@id":"45ca3392-b551-3862-9bec-5b1fd1bb8aee","name":"US EPA 2013"},{"@type":"Source","@id":"0dc09ee9-a17d-3c99-a6bf-86e9fa72e96e","name":"US EPA 2013"},{"@type":"Source","@id":"47f3fc63-4040-30c3-885a-cde79588b555","name":"ecoinvent Centre 2010"},{"@type":"Source","@id":"0d5753c8-cd9c-3ca5-a9e0-32fc75ad14f3","name":"Madknick et al.  2011"},{"@type":"Source","@id":"60121ad9-7417-3f7a-a3ef-bee33aa04156","name":"0 null"},{"@type":"Source","@id":"60121ad9-7417-3f7a-a3ef-bee33aa04156","name":"0 null"},{"@type":"Source","@id":"60121ad9-7417-3f7a-a3ef-bee33aa04156","name":"0 null"},{"@type":"Source","@id":"60121ad9-7417-3f7a-a3ef-bee33aa04156","name":"0 null"}]},"exchanges":[{"@type":"Exchange","avoidedProduct":false,"input":false,"amount":1.0,"flow":{"@type":"Flow","@id":"82ea69a2-81c4-3412-a107-65715e9d7e9b","name":"electricity, generation resource mix"},"unit":{"@type":"Unit","@id":"86ad2244-1f0e-4912-af53-7865283103e4","name":"kWh"},"flowProperty":{"@type":"FlowProperty","@id":"f6811440-ee37-11de-8a39-0800200c9a66","name":"Energy"},"quantitativeReference":true},{"@type":"Exchange","avoidedProduct":false,"input":true,"amount":0.035,"flow":{"@type":"Flow","@id":"2366a0d5-8dae-3b97-86e1-2d9d03580774","name":"electricity, coal "},"unit":{"@type":"Unit","@id":"86ad2244-1f0e-4912-af53-7865283103e4","name":"kWh"},"flowProperty":{"@type":"FlowProperty","@id":"f6811440-ee37-11de-8a39-0800200c9a66","name":"Energy"},"uncertainty":{"@type":"Uncertainty","distributionType":"LOG_NORMAL_DISTRIBUTION","geomMean":0.035,"geomSd":1.0}},{"@type":"Exchange","avoidedProduct":false,"input":true,"amount":0.035,"flow":{"@type":"Flow","@id":"5675b2ec-2b42-330e-964f-fef1f101ff35","name":"electricity, oil "},"unit":{"@type":"Unit","@id":"86ad2244-1f0e-4912-af53-7865283103e4","name":"kWh"},"flowProperty":{"@type":"FlowProperty","@id":"f6811440-ee37-11de-8a39-0800200c9a66","name":"Energy"},"uncertainty":{"@type":"Uncertainty","distributionType":"LOG_NORMAL_DISTRIBUTION","geomMean":0.035,"geomSd":1.0}},{"@type":"Exchange","avoidedProduct":false,"input":true,"amount":0.067,"flow":{"@type":"Flow","@id":"7c3ff492-40ff-3c97-b0d1-d247a6d13638","name":"electricity, gas "},"unit":{"@type":"Unit","@id":"86ad2244-1f0e-4912-af53-7865283103e4","name":"kWh"},"flowProperty":{"@type":"FlowProperty","@id":"f6811440-ee37-11de-8a39-0800200c9a66","name":"Energy"},"uncertainty":{"@type":"Uncertainty","distributionType":"LOG_NORMAL_DISTRIBUTION","geomMean":0.067,"geomSd":1.0}},{"@type":"Exchange","avoidedProduct":false,"input":true,"amount":0.029,"flow":{"@type":"Flow","@id":"bfafe6e0-281d-3eec-ae04-2c873ca6b66e","name":"electricity, nuclear "},"unit":{"@type":"Unit","@id":"86ad2244-1f0e-4912-af53-7865283103e4","name":"kWh"},"flowProperty":{"@type":"FlowProperty","@id":"f6811440-ee37-11de-8a39-0800200c9a66","name":"Energy"},"uncertainty":{"@type":"Uncertainty","distributionType":"LOG_NORMAL_DISTRIBUTION","geomMean":0.029,"geomSd":1.0}},{"@type":"Exchange","avoidedProduct":false,"input":true,"amount":0.774,"flow":{"@type":"Flow","@id":"55b4ab5f-232b-36ee-a6af-f66e2f29ac6a","name":"electricity, hydro "},"unit":{"@type":"Unit","@id":"86ad2244-1f0e-4912-af53-7865283103e4","name":"kWh"},"flowProperty":{"@type":"FlowProperty","@id":"f6811440-ee37-11de-8a39-0800200c9a66","name":"Energy"},"uncertainty":{"@type":"Uncertainty","distributionType":"LOG_NORMAL_DISTRIBUTION","geomMean":0.774,"geomSd":1.0}},{"@type":"Exchange","avoidedProduct":false,"input":true,"amount":0.064,"flow":{"@type":"Flow","@id":"a8379309-c56d-3922-8498-418634ba3be3","name":"electricity, biomass "},"unit":{"@type":"Unit","@id":"86ad2244-1f0e-4912-af53-7865283103e4","name":"kWh"},"flowProperty":{"@type":"FlowProperty","@id":"f6811440-ee37-11de-8a39-0800200c9a66","name":"Energy"},"uncertainty":{"@type":"Uncertainty","distributionType":"LOG_NORMAL_DISTRIBUTION","geomMean":0.064,"geomSd":1.0}}]}