{"@context":{"@vocab":"http://openlca.org/schema/v1.0/","@base":"http://openlca.org/schema/v1.0/","modelType":{"@type":"@vocab"},"flowPropertyType":{"@type":"@vocab"},"flowType":{"@type":"@vocab"},"distributionType":{"@type":"@vocab"},"parameterScope":{"@type":"@vocab"},"allocationType":{"@type":"@vocab"},"defaultAllocationMethod":{"@type":"@vocab"},"processType":{"@type":"@vocab"}},"@type":"Process","@id":"720c1706-43ff-3968-8da7-5583ab411a35","name":"electricity, generation resource mix","description":"0","category":{"@type":"Category","@id":"35b36317-4c54-42d8-943d-c9e9b2550330","name":"US-NWPP"},"version":"00.00.000","lastChange":"2014-07-29T12:43:45-04:00","processTyp":"UNIT_PROCESS","location":{"@type":"Location","@id":"e3ccb208-5d86-30ae-8a2a-ea837a91eb02","name":"US-NWPP"},"processDocumentation":{"@type":"ProcessDocumentation","technologyDescription":"0","reviewDetails":"Passed none","samplingDescription":"Some Relevant Flows Not Captured","restrictionsDescription":"All information can be accessed by everybody.","copyright":false,"validFrom":"2010-01-01T00:00:00.000-05:00","validUntil":"2010-01-01T00:00:00.000-05:00","creationDate":"2014-07-29T12:43:45.000-04:00","geographyDescription":"0","dataDocumentor":{"@type":"Actor","@id":"6f177307-805e-393d-bafa-91571daab689","name":"Donnie Vineyard"},"dataGenerator":{"@type":"Actor","@id":"6f177307-805e-393d-bafa-91571daab689","name":"Donnie Vineyard"},"sources":[{"@type":"Source","@id":"c0d414be-940c-3775-9260-fa33cfc1bb5a","name":"US EPA 2014"},{"@type":"Source","@id":"45ca3392-b551-3862-9bec-5b1fd1bb8aee","name":"US EPA 2013"},{"@type":"Source","@id":"0dc09ee9-a17d-3c99-a6bf-86e9fa72e96e","name":"US EPA 2013"},{"@type":"Source","@id":"47f3fc63-4040-30c3-885a-cde79588b555","name":"ecoinvent Centre 2010"},{"@type":"Source","@id":"0d5753c8-cd9c-3ca5-a9e0-32fc75ad14f3","name":"Madknick et al.  2011"},{"@type":"Source","@id":"60121ad9-7417-3f7a-a3ef-bee33aa04156","name":"0 null"},{"@type":"Source","@id":"60121ad9-7417-3f7a-a3ef-bee33aa04156","name":"0 null"},{"@type":"Source","@id":"60121ad9-7417-3f7a-a3ef-bee33aa04156","name":"0 null"},{"@type":"Source","@id":"60121ad9-7417-3f7a-a3ef-bee33aa04156","name":"0 null"}]},"exchanges":[{"@type":"Exchange","avoidedProduct":false,"input":false,"amount":1.0,"flow":{"@type":"Flow","@id":"1f808eda-da1d-3a4b-8d5d-216bc9ffd9e6","name":"electricity, generation resource mix"},"unit":{"@type":"Unit","@id":"86ad2244-1f0e-4912-af53-7865283103e4","name":"kWh"},"flowProperty":{"@type":"FlowProperty","@id":"f6811440-ee37-11de-8a39-0800200c9a66","name":"Energy"},"quantitativeReference":true},{"@type":"Exchange","avoidedProduct":false,"input":true,"amount":0.31301,"flow":{"@type":"Flow","@id":"2366a0d5-8dae-3b97-86e1-2d9d03580774","name":"electricity, coal "},"unit":{"@type":"Unit","@id":"86ad2244-1f0e-4912-af53-7865283103e4","name":"kWh"},"flowProperty":{"@type":"FlowProperty","@id":"f6811440-ee37-11de-8a39-0800200c9a66","name":"Energy"},"uncertainty":{"@type":"Uncertainty","distributionType":"LOG_NORMAL_DISTRIBUTION","geomMean":0.31301,"geomSd":1.0}},{"@type":"Exchange","avoidedProduct":false,"input":true,"amount":0.003279,"flow":{"@type":"Flow","@id":"5675b2ec-2b42-330e-964f-fef1f101ff35","name":"electricity, oil "},"unit":{"@type":"Unit","@id":"86ad2244-1f0e-4912-af53-7865283103e4","name":"kWh"},"flowProperty":{"@type":"FlowProperty","@id":"f6811440-ee37-11de-8a39-0800200c9a66","name":"Energy"},"uncertainty":{"@type":"Uncertainty","distributionType":"LOG_NORMAL_DISTRIBUTION","geomMean":0.003279,"geomSd":1.0}},{"@type":"Exchange","avoidedProduct":false,"input":true,"amount":0.14339,"flow":{"@type":"Flow","@id":"7c3ff492-40ff-3c97-b0d1-d247a6d13638","name":"electricity, gas "},"unit":{"@type":"Unit","@id":"86ad2244-1f0e-4912-af53-7865283103e4","name":"kWh"},"flowProperty":{"@type":"FlowProperty","@id":"f6811440-ee37-11de-8a39-0800200c9a66","name":"Energy"},"uncertainty":{"@type":"Uncertainty","distributionType":"LOG_NORMAL_DISTRIBUTION","geomMean":0.14339,"geomSd":1.0}},{"@type":"Exchange","avoidedProduct":false,"input":true,"amount":0.034486,"flow":{"@type":"Flow","@id":"bfafe6e0-281d-3eec-ae04-2c873ca6b66e","name":"electricity, nuclear "},"unit":{"@type":"Unit","@id":"86ad2244-1f0e-4912-af53-7865283103e4","name":"kWh"},"flowProperty":{"@type":"FlowProperty","@id":"f6811440-ee37-11de-8a39-0800200c9a66","name":"Energy"},"uncertainty":{"@type":"Uncertainty","distributionType":"LOG_NORMAL_DISTRIBUTION","geomMean":0.034486,"geomSd":1.0}},{"@type":"Exchange","avoidedProduct":false,"input":true,"amount":0.43551,"flow":{"@type":"Flow","@id":"55b4ab5f-232b-36ee-a6af-f66e2f29ac6a","name":"electricity, hydro "},"unit":{"@type":"Unit","@id":"86ad2244-1f0e-4912-af53-7865283103e4","name":"kWh"},"flowProperty":{"@type":"FlowProperty","@id":"f6811440-ee37-11de-8a39-0800200c9a66","name":"Energy"},"uncertainty":{"@type":"Uncertainty","distributionType":"LOG_NORMAL_DISTRIBUTION","geomMean":0.43551,"geomSd":1.0}},{"@type":"Exchange","avoidedProduct":false,"input":true,"amount":0.012372,"flow":{"@type":"Flow","@id":"a8379309-c56d-3922-8498-418634ba3be3","name":"electricity, biomass "},"unit":{"@type":"Unit","@id":"86ad2244-1f0e-4912-af53-7865283103e4","name":"kWh"},"flowProperty":{"@type":"FlowProperty","@id":"f6811440-ee37-11de-8a39-0800200c9a66","name":"Energy"},"uncertainty":{"@type":"Uncertainty","distributionType":"LOG_NORMAL_DISTRIBUTION","geomMean":0.012372,"geomSd":1.0}},{"@type":"Exchange","avoidedProduct":false,"input":true,"amount":0.048371,"flow":{"@type":"Flow","@id":"4af01177-a12b-3e29-a045-d3010971cb68","name":"electricity, wind "},"unit":{"@type":"Unit","@id":"86ad2244-1f0e-4912-af53-7865283103e4","name":"kWh"},"flowProperty":{"@type":"FlowProperty","@id":"f6811440-ee37-11de-8a39-0800200c9a66","name":"Energy"},"uncertainty":{"@type":"Uncertainty","distributionType":"LOG_NORMAL_DISTRIBUTION","geomMean":0.048371,"geomSd":1.0}},{"@type":"Exchange","avoidedProduct":false,"input":true,"amount":0.006973,"flow":{"@type":"Flow","@id":"4b2c8e84-a0b2-3773-95c0-ad6cbeb73ebd","name":"electricity, geothermal "},"unit":{"@type":"Unit","@id":"86ad2244-1f0e-4912-af53-7865283103e4","name":"kWh"},"flowProperty":{"@type":"FlowProperty","@id":"f6811440-ee37-11de-8a39-0800200c9a66","name":"Energy"},"uncertainty":{"@type":"Uncertainty","distributionType":"LOG_NORMAL_DISTRIBUTION","geomMean":0.006973,"geomSd":1.0}},{"@type":"Exchange","avoidedProduct":false,"input":true,"amount":0.001423,"flow":{"@type":"Flow","@id":"5b7810bd-9fec-307e-b0ec-dfdc8d776ff0","name":"electricity, other fossil "},"unit":{"@type":"Unit","@id":"86ad2244-1f0e-4912-af53-7865283103e4","name":"kWh"},"flowProperty":{"@type":"FlowProperty","@id":"f6811440-ee37-11de-8a39-0800200c9a66","name":"Energy"},"uncertainty":{"@type":"Uncertainty","distributionType":"LOG_NORMAL_DISTRIBUTION","geomMean":0.001423,"geomSd":1.0}}]}