{"@context":{"@vocab":"http://openlca.org/schema/v1.0/","@base":"http://openlca.org/schema/v1.0/","modelType":{"@type":"@vocab"},"flowPropertyType":{"@type":"@vocab"},"flowType":{"@type":"@vocab"},"distributionType":{"@type":"@vocab"},"parameterScope":{"@type":"@vocab"},"allocationType":{"@type":"@vocab"},"defaultAllocationMethod":{"@type":"@vocab"},"processType":{"@type":"@vocab"}},"@type":"Process","@id":"c736d047-9f09-3621-9263-0469d4cf64db","name":"electricity, at industrial user ","description":"0","category":{"@type":"Category","@id":"4c0fc536-6650-4bfb-bf3b-93fd733e2e0e","name":"CA"},"version":"00.00.000","lastChange":"2014-07-29T12:43:45-04:00","processTyp":"UNIT_PROCESS","location":{"@type":"Location","@id":"5435c69e-d3bc-35b2-a4d5-80e393e373d3","name":"CA"},"processDocumentation":{"@type":"ProcessDocumentation","technologyDescription":"US average.","reviewDetails":"Passed none","samplingDescription":"Some Relevant Flows Not Captured","restrictionsDescription":"All information can be accessed by everybody.","copyright":false,"validFrom":"2010-01-01T00:00:00.000-05:00","validUntil":"2010-01-01T00:00:00.000-05:00","creationDate":"2014-07-29T12:43:45.000-04:00","geographyDescription":"0","dataDocumentor":{"@type":"Actor","@id":"6f177307-805e-393d-bafa-91571daab689","name":"Donnie Vineyard"},"dataGenerator":{"@type":"Actor","@id":"6f177307-805e-393d-bafa-91571daab689","name":"Donnie Vineyard"},"sources":[{"@type":"Source","@id":"c0d414be-940c-3775-9260-fa33cfc1bb5a","name":"US EPA 2014"},{"@type":"Source","@id":"45ca3392-b551-3862-9bec-5b1fd1bb8aee","name":"US EPA 2013"},{"@type":"Source","@id":"0dc09ee9-a17d-3c99-a6bf-86e9fa72e96e","name":"US EPA 2013"},{"@type":"Source","@id":"47f3fc63-4040-30c3-885a-cde79588b555","name":"ecoinvent Centre 2010"},{"@type":"Source","@id":"0d5753c8-cd9c-3ca5-a9e0-32fc75ad14f3","name":"Madknick et al.  2011"},{"@type":"Source","@id":"60121ad9-7417-3f7a-a3ef-bee33aa04156","name":"0 null"},{"@type":"Source","@id":"60121ad9-7417-3f7a-a3ef-bee33aa04156","name":"0 null"},{"@type":"Source","@id":"60121ad9-7417-3f7a-a3ef-bee33aa04156","name":"0 null"},{"@type":"Source","@id":"60121ad9-7417-3f7a-a3ef-bee33aa04156","name":"0 null"}]},"exchanges":[{"@type":"Exchange","avoidedProduct":false,"input":false,"amount":1.0,"flow":{"@type":"Flow","@id":"ec2661a5-6512-3447-b429-d4a2036bc6e5","name":"electricity, at industrial user "},"unit":{"@type":"Unit","@id":"86ad2244-1f0e-4912-af53-7865283103e4","name":"kWh"},"flowProperty":{"@type":"FlowProperty","@id":"f6811440-ee37-11de-8a39-0800200c9a66","name":"Energy"},"quantitativeReference":true},{"@type":"Exchange","avoidedProduct":false,"input":true,"amount":1.0201,"flow":{"@type":"Flow","@id":"c3c6b52b-27a1-3b2e-970a-9370968ba8dc","name":"electricity, generation resource mix"},"unit":{"@type":"Unit","@id":"86ad2244-1f0e-4912-af53-7865283103e4","name":"kWh"},"flowProperty":{"@type":"FlowProperty","@id":"f6811440-ee37-11de-8a39-0800200c9a66","name":"Energy"},"uncertainty":{"@type":"Uncertainty","distributionType":"LOG_NORMAL_DISTRIBUTION","geomMean":1.0201,"geomSd":1.0}}]}