{"@context":{"@vocab":"http://openlca.org/schema/v1.0/","@base":"http://openlca.org/schema/v1.0/","modelType":{"@type":"@vocab"},"flowPropertyType":{"@type":"@vocab"},"flowType":{"@type":"@vocab"},"distributionType":{"@type":"@vocab"},"parameterScope":{"@type":"@vocab"},"allocationType":{"@type":"@vocab"},"defaultAllocationMethod":{"@type":"@vocab"},"processType":{"@type":"@vocab"}},"@type":"Process","@id":"da3fa357-fa57-3207-8712-ea9ffea07d35","name":"electricity, solar ","description":"0","category":{"@type":"Category","@id":"540e5443-4c8c-434c-bfc6-8880abadcdaa","name":"US"},"version":"00.00.000","lastChange":"2014-07-29T12:43:46-04:00","processTyp":"UNIT_PROCESS","location":{"@type":"Location","@id":"0b3b97fa-6688-3c56-88ee-4ae80ec0c3c2","name":"US"},"processDocumentation":{"@type":"ProcessDocumentation","technologyDescription":"US average.","reviewDetails":"Passed none","samplingDescription":"Some Relevant Flows Not Captured","restrictionsDescription":"All information can be accessed by everybody.","copyright":false,"validFrom":"2010-01-01T00:00:00.000-05:00","validUntil":"2010-01-01T00:00:00.000-05:00","creationDate":"2014-07-29T12:43:46.000-04:00","geographyDescription":"0","dataDocumentor":{"@type":"Actor","@id":"6f177307-805e-393d-bafa-91571daab689","name":"Donnie Vineyard"},"dataGenerator":{"@type":"Actor","@id":"6f177307-805e-393d-bafa-91571daab689","name":"Donnie Vineyard"},"sources":[{"@type":"Source","@id":"c0d414be-940c-3775-9260-fa33cfc1bb5a","name":"US EPA 2014"},{"@type":"Source","@id":"45ca3392-b551-3862-9bec-5b1fd1bb8aee","name":"US EPA 2013"},{"@type":"Source","@id":"0dc09ee9-a17d-3c99-a6bf-86e9fa72e96e","name":"US EPA 2013"},{"@type":"Source","@id":"47f3fc63-4040-30c3-885a-cde79588b555","name":"ecoinvent Centre 2010"},{"@type":"Source","@id":"0d5753c8-cd9c-3ca5-a9e0-32fc75ad14f3","name":"Madknick et al.  2011"},{"@type":"Source","@id":"60121ad9-7417-3f7a-a3ef-bee33aa04156","name":"0 null"},{"@type":"Source","@id":"60121ad9-7417-3f7a-a3ef-bee33aa04156","name":"0 null"},{"@type":"Source","@id":"60121ad9-7417-3f7a-a3ef-bee33aa04156","name":"0 null"},{"@type":"Source","@id":"60121ad9-7417-3f7a-a3ef-bee33aa04156","name":"0 null"}]},"exchanges":[{"@type":"Exchange","avoidedProduct":false,"input":false,"amount":1.0,"flow":{"@type":"Flow","@id":"931faaea-1517-3e9d-8518-9cea9b13846b","name":"electricity, solar "},"unit":{"@type":"Unit","@id":"86ad2244-1f0e-4912-af53-7865283103e4","name":"kWh"},"flowProperty":{"@type":"FlowProperty","@id":"f6811440-ee37-11de-8a39-0800200c9a66","name":"Energy"},"quantitativeReference":true},{"@type":"Exchange","avoidedProduct":false,"input":true,"amount":1.7323E-7,"flow":{"@type":"Flow","@id":"d64dc2c9-4fff-3247-9a0b-c3e0e4b2f1f8","name":"3kWp facade installation, multi-Si, laminated, integrated, at building"},"unit":{"@type":"Unit","@id":"6dabe201-aaac-4509-92f0-d00c26cb72ab","name":"Item(s)"},"flowProperty":{"@type":"FlowProperty","@id":"01846770-4cfe-4a25-8ad9-919d8d378345","name":"Number of items"},"uncertainty":{"@type":"Uncertainty","distributionType":"LOG_NORMAL_DISTRIBUTION","geomMean":1.7323E-7,"geomSd":1.0}},{"@type":"Exchange","avoidedProduct":false,"input":true,"amount":6.9291E-7,"flow":{"@type":"Flow","@id":"a1950202-b7ec-3481-a6b9-c5e86fca3b49","name":"3kWp facade installation, multi-Si, panel, mounted, at building"},"unit":{"@type":"Unit","@id":"6dabe201-aaac-4509-92f0-d00c26cb72ab","name":"Item(s)"},"flowProperty":{"@type":"FlowProperty","@id":"01846770-4cfe-4a25-8ad9-919d8d378345","name":"Number of items"},"uncertainty":{"@type":"Uncertainty","distributionType":"LOG_NORMAL_DISTRIBUTION","geomMean":6.9291E-7,"geomSd":1.0}},{"@type":"Exchange","avoidedProduct":false,"input":true,"amount":1.2719E-7,"flow":{"@type":"Flow","@id":"4868e098-e285-3f89-85bf-baeeebac2a74","name":"3kWp facade installation, single-Si, laminated, integrated, at building"},"unit":{"@type":"Unit","@id":"6dabe201-aaac-4509-92f0-d00c26cb72ab","name":"Item(s)"},"flowProperty":{"@type":"FlowProperty","@id":"01846770-4cfe-4a25-8ad9-919d8d378345","name":"Number of items"},"uncertainty":{"@type":"Uncertainty","distributionType":"LOG_NORMAL_DISTRIBUTION","geomMean":1.2719E-7,"geomSd":1.0}},{"@type":"Exchange","avoidedProduct":false,"input":true,"amount":5.0875E-7,"flow":{"@type":"Flow","@id":"e5fa001b-2dde-326c-8ebf-3041ce1bace1","name":"3kWp facade installation, single-Si, panel, mounted, at building"},"unit":{"@type":"Unit","@id":"6dabe201-aaac-4509-92f0-d00c26cb72ab","name":"Item(s)"},"flowProperty":{"@type":"FlowProperty","@id":"01846770-4cfe-4a25-8ad9-919d8d378345","name":"Number of items"},"uncertainty":{"@type":"Uncertainty","distributionType":"LOG_NORMAL_DISTRIBUTION","geomMean":5.0875E-7,"geomSd":1.0}},{"@type":"Exchange","avoidedProduct":false,"input":true,"amount":8.3681E-7,"flow":{"@type":"Flow","@id":"be02b51f-582f-38ab-88a9-a805ce687762","name":"3kWp flat roof installation, multi-Si, on roof"},"unit":{"@type":"Unit","@id":"6dabe201-aaac-4509-92f0-d00c26cb72ab","name":"Item(s)"},"flowProperty":{"@type":"FlowProperty","@id":"01846770-4cfe-4a25-8ad9-919d8d378345","name":"Number of items"},"uncertainty":{"@type":"Uncertainty","distributionType":"LOG_NORMAL_DISTRIBUTION","geomMean":8.3681E-7,"geomSd":1.0}},{"@type":"Exchange","avoidedProduct":false,"input":true,"amount":6.1441E-7,"flow":{"@type":"Flow","@id":"cb2a213f-68d4-3b70-9255-b352bde955a3","name":"3kWp flat roof installation, single-Si, on roof"},"unit":{"@type":"Unit","@id":"6dabe201-aaac-4509-92f0-d00c26cb72ab","name":"Item(s)"},"flowProperty":{"@type":"FlowProperty","@id":"01846770-4cfe-4a25-8ad9-919d8d378345","name":"Number of items"},"uncertainty":{"@type":"Uncertainty","distributionType":"LOG_NORMAL_DISTRIBUTION","geomMean":6.1441E-7,"geomSd":1.0}},{"@type":"Exchange","avoidedProduct":false,"input":true,"amount":1.3926E-8,"flow":{"@type":"Flow","@id":"67c21857-17c0-3afb-95fb-785ca5108955","name":"3kWp slanted-roof installation, a-Si, laminated, integrated, on roof"},"unit":{"@type":"Unit","@id":"6dabe201-aaac-4509-92f0-d00c26cb72ab","name":"Item(s)"},"flowProperty":{"@type":"FlowProperty","@id":"01846770-4cfe-4a25-8ad9-919d8d378345","name":"Number of items"},"uncertainty":{"@type":"Uncertainty","distributionType":"LOG_NORMAL_DISTRIBUTION","geomMean":1.3926E-8,"geomSd":1.0}},{"@type":"Exchange","avoidedProduct":false,"input":true,"amount":3.6208E-7,"flow":{"@type":"Flow","@id":"39f49103-fec0-3035-9c16-ff4e7512b3d9","name":"3kWp slanted-roof installation, a-Si, panel, mounted, on roof"},"unit":{"@type":"Unit","@id":"6dabe201-aaac-4509-92f0-d00c26cb72ab","name":"Item(s)"},"flowProperty":{"@type":"FlowProperty","@id":"01846770-4cfe-4a25-8ad9-919d8d378345","name":"Number of items"},"uncertainty":{"@type":"Uncertainty","distributionType":"LOG_NORMAL_DISTRIBUTION","geomMean":3.6208E-7,"geomSd":1.0}},{"@type":"Exchange","avoidedProduct":false,"input":true,"amount":1.12E-7,"flow":{"@type":"Flow","@id":"aaa87e6a-4cd4-3cd3-abb4-8dbeaffbbaad","name":"3kWp slanted-roof installation, CdTe, laminated, integrated, on roof"},"unit":{"@type":"Unit","@id":"6dabe201-aaac-4509-92f0-d00c26cb72ab","name":"Item(s)"},"flowProperty":{"@type":"FlowProperty","@id":"01846770-4cfe-4a25-8ad9-919d8d378345","name":"Number of items"},"uncertainty":{"@type":"Uncertainty","distributionType":"LOG_NORMAL_DISTRIBUTION","geomMean":1.12E-7,"geomSd":1.0}},{"@type":"Exchange","avoidedProduct":false,"input":true,"amount":1.6E-8,"flow":{"@type":"Flow","@id":"a3b27bb5-d7d9-378f-905b-42fdbaadb4f4","name":"3kWp slanted-roof installation, CIS, panel, mounted, on roof"},"unit":{"@type":"Unit","@id":"6dabe201-aaac-4509-92f0-d00c26cb72ab","name":"Item(s)"},"flowProperty":{"@type":"FlowProperty","@id":"01846770-4cfe-4a25-8ad9-919d8d378345","name":"Number of items"},"uncertainty":{"@type":"Uncertainty","distributionType":"LOG_NORMAL_DISTRIBUTION","geomMean":1.6E-8,"geomSd":1.0}},{"@type":"Exchange","avoidedProduct":false,"input":true,"amount":1.046E-7,"flow":{"@type":"Flow","@id":"8b1496b2-b555-3760-9a4c-2b083afc6203","name":"3kWp slanted-roof installation, multi-Si, laminated, integrated, on roof"},"unit":{"@type":"Unit","@id":"6dabe201-aaac-4509-92f0-d00c26cb72ab","name":"Item(s)"},"flowProperty":{"@type":"FlowProperty","@id":"01846770-4cfe-4a25-8ad9-919d8d378345","name":"Number of items"},"uncertainty":{"@type":"Uncertainty","distributionType":"LOG_NORMAL_DISTRIBUTION","geomMean":1.046E-7,"geomSd":1.0}},{"@type":"Exchange","avoidedProduct":false,"input":true,"amount":2.7196E-6,"flow":{"@type":"Flow","@id":"defab90b-884c-38c4-ab45-bc9b0f16a56e","name":"3kWp slanted-roof installation, multi-Si, panel, mounted, on roof"},"unit":{"@type":"Unit","@id":"6dabe201-aaac-4509-92f0-d00c26cb72ab","name":"Item(s)"},"flowProperty":{"@type":"FlowProperty","@id":"01846770-4cfe-4a25-8ad9-919d8d378345","name":"Number of items"},"uncertainty":{"@type":"Uncertainty","distributionType":"LOG_NORMAL_DISTRIBUTION","geomMean":2.7196E-6,"geomSd":1.0}},{"@type":"Exchange","avoidedProduct":false,"input":true,"amount":8.5927E-9,"flow":{"@type":"Flow","@id":"47835ab3-b0b8-3d69-b620-58f48e901c45","name":"3kWp slanted-roof installation, ribbon-Si, laminated, integrated, on roof"},"unit":{"@type":"Unit","@id":"6dabe201-aaac-4509-92f0-d00c26cb72ab","name":"Item(s)"},"flowProperty":{"@type":"FlowProperty","@id":"01846770-4cfe-4a25-8ad9-919d8d378345","name":"Number of items"},"uncertainty":{"@type":"Uncertainty","distributionType":"LOG_NORMAL_DISTRIBUTION","geomMean":8.5927E-9,"geomSd":1.0}},{"@type":"Exchange","avoidedProduct":false,"input":true,"amount":2.2341E-7,"flow":{"@type":"Flow","@id":"56bb817f-c168-3215-86ac-df45918e00ee","name":"3kWp slanted-roof installation, ribbon-Si, panel, mounted, on roof"},"unit":{"@type":"Unit","@id":"6dabe201-aaac-4509-92f0-d00c26cb72ab","name":"Item(s)"},"flowProperty":{"@type":"FlowProperty","@id":"01846770-4cfe-4a25-8ad9-919d8d378345","name":"Number of items"},"uncertainty":{"@type":"Uncertainty","distributionType":"LOG_NORMAL_DISTRIBUTION","geomMean":2.2341E-7,"geomSd":1.0}},{"@type":"Exchange","avoidedProduct":false,"input":true,"amount":7.6801E-8,"flow":{"@type":"Flow","@id":"8825775f-c2db-38b1-a1bb-18a4f2b9033c","name":"3kWp slanted-roof installation, single-Si, laminated, integrated, on roof"},"unit":{"@type":"Unit","@id":"6dabe201-aaac-4509-92f0-d00c26cb72ab","name":"Item(s)"},"flowProperty":{"@type":"FlowProperty","@id":"01846770-4cfe-4a25-8ad9-919d8d378345","name":"Number of items"},"uncertainty":{"@type":"Uncertainty","distributionType":"LOG_NORMAL_DISTRIBUTION","geomMean":7.6801E-8,"geomSd":1.0}},{"@type":"Exchange","avoidedProduct":false,"input":true,"amount":1.9968E-6,"flow":{"@type":"Flow","@id":"628ab315-8370-3a57-8720-e1223d251f76","name":"3kWp slanted-roof installation, single-Si, panel, mounted, on roof"},"unit":{"@type":"Unit","@id":"6dabe201-aaac-4509-92f0-d00c26cb72ab","name":"Item(s)"},"flowProperty":{"@type":"FlowProperty","@id":"01846770-4cfe-4a25-8ad9-919d8d378345","name":"Number of items"},"uncertainty":{"@type":"Uncertainty","distributionType":"LOG_NORMAL_DISTRIBUTION","geomMean":1.9968E-6,"geomSd":1.0}},{"@type":"Exchange","avoidedProduct":false,"input":true,"amount":3.7075E-6,"flow":{"@type":"Flow","@id":"145e359f-0ecc-38c4-8be9-e222fa3c7bf0","name":"treatment, sewage, from residence, to wastewater treatment, class 2"},"unit":{"@type":"Unit","@id":"1c3a9695-398d-4b1f-b07e-a8715b610f70","name":"m3"},"flowProperty":{"@type":"FlowProperty","@id":"93a60a56-a3c8-22da-a746-0800200c9a66","name":"Volume"},"uncertainty":{"@type":"Uncertainty","distributionType":"LOG_NORMAL_DISTRIBUTION","geomMean":3.7075E-6,"geomSd":1.0}},{"@type":"Exchange","avoidedProduct":false,"input":true,"amount":3.8503,"flow":{"@type":"Flow","@id":"c1ec4853-76fb-36bb-bd1b-4227a3869e6c","name":"Energy, solar, converted"},"unit":{"@type":"Unit","@id":"52765a6c-3896-43c2-b2f4-c679acf13efe","name":"MJ"},"flowProperty":{"@type":"FlowProperty","@id":"f6811440-ee37-11de-8a39-0800200c9a66","name":"Energy"},"uncertainty":{"@type":"Uncertainty","distributionType":"LOG_NORMAL_DISTRIBUTION","geomMean":3.8503,"geomSd":1.0}},{"@type":"Exchange","avoidedProduct":false,"input":true,"amount":9.841E-5,"flow":{"@type":"Flow","@id":"4662c99f-d1a2-3d4c-b865-873f3e573759","name":"Water, fresh"},"unit":{"@type":"Unit","@id":"1c3a9695-398d-4b1f-b07e-a8715b610f70","name":"m3"},"flowProperty":{"@type":"FlowProperty","@id":"93a60a56-a3c8-22da-a746-0800200c9a66","name":"Volume"},"uncertainty":{"@type":"Uncertainty","distributionType":"LOG_NORMAL_DISTRIBUTION","geomMean":9.841E-5,"geomSd":1.0}},{"@type":"Exchange","avoidedProduct":false,"input":false,"amount":9.841E-5,"flow":{"@type":"Flow","@id":"8e1a0c91-b714-383f-b440-c1c09a17daa0","name":"Water"},"unit":{"@type":"Unit","@id":"1c3a9695-398d-4b1f-b07e-a8715b610f70","name":"m3"},"flowProperty":{"@type":"FlowProperty","@id":"93a60a56-a3c8-22da-a746-0800200c9a66","name":"Volume"},"uncertainty":{"@type":"Uncertainty","distributionType":"LOG_NORMAL_DISTRIBUTION","geomMean":9.841E-5,"geomSd":1.0}}]}