{"@context":{"@vocab":"http://openlca.org/schema/v1.0/","@base":"http://openlca.org/schema/v1.0/","modelType":{"@type":"@vocab"},"flowPropertyType":{"@type":"@vocab"},"flowType":{"@type":"@vocab"},"distributionType":{"@type":"@vocab"},"parameterScope":{"@type":"@vocab"},"allocationType":{"@type":"@vocab"},"defaultAllocationMethod":{"@type":"@vocab"},"processType":{"@type":"@vocab"}},"@type":"Category","@id":"13c51fac-8a9e-4167-86a3-b135a7788011","name":"ocean","modelType":"FLOW","parentCategory":{"@type":"Category","@id":"4e19d9a5-81ae-4c88-95ec-951c636a31f1","name":"water"}}