{"@context":{"@vocab":"http://openlca.org/schema/v1.0/","@base":"http://openlca.org/schema/v1.0/","modelType":{"@type":"@vocab"},"flowPropertyType":{"@type":"@vocab"},"flowType":{"@type":"@vocab"},"distributionType":{"@type":"@vocab"},"parameterScope":{"@type":"@vocab"},"allocationType":{"@type":"@vocab"},"defaultAllocationMethod":{"@type":"@vocab"},"processType":{"@type":"@vocab"}},"@type":"Category","@id":"35b36317-4c54-42d8-943d-c9e9b2550330","name":"US-NWPP","modelType":"PROCESS","parentCategory":{"@type":"Category","@id":"99bf181a-9db1-4ca2-a852-0c7cb66a9aa5","name":"Electricity"}}