{"@context":{"@vocab":"http://openlca.org/schema/v1.0/","@base":"http://openlca.org/schema/v1.0/","modelType":{"@type":"@vocab"},"flowPropertyType":{"@type":"@vocab"},"flowType":{"@type":"@vocab"},"distributionType":{"@type":"@vocab"},"parameterScope":{"@type":"@vocab"},"allocationType":{"@type":"@vocab"},"defaultAllocationMethod":{"@type":"@vocab"},"processType":{"@type":"@vocab"}},"@type":"Category","@id":"49c27fd0-427a-4c22-8a20-79fe45c124b5","name":"unspecified","modelType":"FLOW","parentCategory":{"@type":"Category","@id":"96b6477c-8353-46b1-8d9d-488be71c658f","name":"land"}}