{"@context":{"@vocab":"http://openlca.org/schema/v1.0/","@base":"http://openlca.org/schema/v1.0/","modelType":{"@type":"@vocab"},"flowPropertyType":{"@type":"@vocab"},"flowType":{"@type":"@vocab"},"distributionType":{"@type":"@vocab"},"parameterScope":{"@type":"@vocab"},"allocationType":{"@type":"@vocab"},"defaultAllocationMethod":{"@type":"@vocab"},"processType":{"@type":"@vocab"}},"@type":"Category","@id":"59891e76-cfc8-49ba-affc-7be392f7a803","name":"surface","modelType":"FLOW","parentCategory":{"@type":"Category","@id":"4e19d9a5-81ae-4c88-95ec-951c636a31f1","name":"water"}}