{"@context":{"@vocab":"http://openlca.org/schema/v1.0/","@base":"http://openlca.org/schema/v1.0/","modelType":{"@type":"@vocab"},"flowPropertyType":{"@type":"@vocab"},"flowType":{"@type":"@vocab"},"distributionType":{"@type":"@vocab"},"parameterScope":{"@type":"@vocab"},"allocationType":{"@type":"@vocab"},"defaultAllocationMethod":{"@type":"@vocab"},"processType":{"@type":"@vocab"}},"@type":"Category","@id":"71e8da3f-16d2-439b-9e64-ab1465baf202","name":"US-SRSO","modelType":"PROCESS","parentCategory":{"@type":"Category","@id":"99bf181a-9db1-4ca2-a852-0c7cb66a9aa5","name":"Electricity"}}