{"@context":{"@vocab":"http://openlca.org/schema/v1.0/","@base":"http://openlca.org/schema/v1.0/","modelType":{"@type":"@vocab"},"flowPropertyType":{"@type":"@vocab"},"flowType":{"@type":"@vocab"},"distributionType":{"@type":"@vocab"},"parameterScope":{"@type":"@vocab"},"allocationType":{"@type":"@vocab"},"defaultAllocationMethod":{"@type":"@vocab"},"processType":{"@type":"@vocab"}},"@type":"Category","@id":"88e4443d-cd7d-4615-aba4-01f9b38cf154","name":"unspecified","modelType":"FLOW","parentCategory":{"@type":"Category","@id":"4e19d9a5-81ae-4c88-95ec-951c636a31f1","name":"water"}}