{"@context":{"@vocab":"http://openlca.org/schema/v1.0/","@base":"http://openlca.org/schema/v1.0/","modelType":{"@type":"@vocab"},"flowPropertyType":{"@type":"@vocab"},"flowType":{"@type":"@vocab"},"distributionType":{"@type":"@vocab"},"parameterScope":{"@type":"@vocab"},"allocationType":{"@type":"@vocab"},"defaultAllocationMethod":{"@type":"@vocab"},"processType":{"@type":"@vocab"}},"@type":"Category","@id":"8d20f5eb-3a79-4d9f-a338-d3eb8095108b","name":"in air","modelType":"FLOW","parentCategory":{"@type":"Category","@id":"0c3137d6-297f-4f18-a553-bef22b2b0753","name":"resource"}}