{"@context":{"@vocab":"http://openlca.org/schema/v1.0/","@base":"http://openlca.org/schema/v1.0/","modelType":{"@type":"@vocab"},"flowPropertyType":{"@type":"@vocab"},"flowType":{"@type":"@vocab"},"distributionType":{"@type":"@vocab"},"parameterScope":{"@type":"@vocab"},"allocationType":{"@type":"@vocab"},"defaultAllocationMethod":{"@type":"@vocab"},"processType":{"@type":"@vocab"}},"@type":"Category","@id":"a1efd910-b2c4-4a32-a8b0-a2b129e1715c","name":"in water","modelType":"FLOW","parentCategory":{"@type":"Category","@id":"0c3137d6-297f-4f18-a553-bef22b2b0753","name":"resource"}}