{"@context":{"@vocab":"http://openlca.org/schema/v1.0/","@base":"http://openlca.org/schema/v1.0/","modelType":{"@type":"@vocab"},"flowPropertyType":{"@type":"@vocab"},"flowType":{"@type":"@vocab"},"distributionType":{"@type":"@vocab"},"parameterScope":{"@type":"@vocab"},"allocationType":{"@type":"@vocab"},"defaultAllocationMethod":{"@type":"@vocab"},"processType":{"@type":"@vocab"}},"@type":"Category","@id":"e615c926-becb-4d0e-9f52-d24981e0ea3a","name":"in ground","modelType":"FLOW","parentCategory":{"@type":"Category","@id":"0c3137d6-297f-4f18-a553-bef22b2b0753","name":"resource"}}