{"@context":{"@vocab":"http://openlca.org/schema/v1.0/","@base":"http://openlca.org/schema/v1.0/","modelType":{"@type":"@vocab"},"flowPropertyType":{"@type":"@vocab"},"flowType":{"@type":"@vocab"},"distributionType":{"@type":"@vocab"},"parameterScope":{"@type":"@vocab"},"allocationType":{"@type":"@vocab"},"defaultAllocationMethod":{"@type":"@vocab"},"processType":{"@type":"@vocab"}},"@type":"Flow","@id":"1f808eda-da1d-3a4b-8d5d-216bc9ffd9e6","name":"electricity, generation resource mix","version":"00.00.000","flowType":"PRODUCT_FLOW","location":{"@type":"Location","@id":"e3ccb208-5d86-30ae-8a2a-ea837a91eb02","name":"US-NWPP"},"flowProperties":[{"@type":"FlowPropertyFactor","referenceFlowProperty":true,"flowProperty":{"@type":"FlowProperty","@id":"f6811440-ee37-11de-8a39-0800200c9a66","name":"Energy"},"conversionFactor":1.0}]}