{"@context":{"@vocab":"http://openlca.org/schema/v1.0/","@base":"http://openlca.org/schema/v1.0/","modelType":{"@type":"@vocab"},"flowPropertyType":{"@type":"@vocab"},"flowType":{"@type":"@vocab"},"distributionType":{"@type":"@vocab"},"parameterScope":{"@type":"@vocab"},"allocationType":{"@type":"@vocab"},"defaultAllocationMethod":{"@type":"@vocab"},"processType":{"@type":"@vocab"}},"@type":"Flow","@id":"5e381ad1-d0a6-359a-b104-21eaeb435916","name":"disposal, bilge oil, 90% water, to hazardous waste incineration","version":"00.00.000","flowType":"PRODUCT_FLOW","location":{"@type":"Location","@id":"d88fc6ed-f21e-3464-935f-f76288b84103","name":"CH"},"flowProperties":[{"@type":"FlowPropertyFactor","referenceFlowProperty":true,"flowProperty":{"@type":"FlowProperty","@id":"93a60a56-a3c8-11da-a746-0800200b9a66","name":"Mass"},"conversionFactor":1.0}]}