{"@context":{"@vocab":"http://openlca.org/schema/v1.0/","@base":"http://openlca.org/schema/v1.0/","modelType":{"@type":"@vocab"},"flowPropertyType":{"@type":"@vocab"},"flowType":{"@type":"@vocab"},"distributionType":{"@type":"@vocab"},"parameterScope":{"@type":"@vocab"},"allocationType":{"@type":"@vocab"},"defaultAllocationMethod":{"@type":"@vocab"},"processType":{"@type":"@vocab"}},"@type":"Flow","@id":"d181fed5-cf2a-3bd5-9997-99fa964021fd","name":"wind power plant 2MW, offshore, moving parts","version":"00.00.000","flowType":"PRODUCT_FLOW","location":{"@type":"Location","@id":"6aa2b79b-1fc3-384c-b1af-565b51d5e4ad","name":"OCE"},"flowProperties":[{"@type":"FlowPropertyFactor","referenceFlowProperty":true,"flowProperty":{"@type":"FlowProperty","@id":"01846770-4cfe-4a25-8ad9-919d8d378345","name":"Number of items"},"conversionFactor":1.0}]}