{"@context":{"@vocab":"http://openlca.org/schema/v1.0/","@base":"http://openlca.org/schema/v1.0/","modelType":{"@type":"@vocab"},"flowPropertyType":{"@type":"@vocab"},"flowType":{"@type":"@vocab"},"distributionType":{"@type":"@vocab"},"parameterScope":{"@type":"@vocab"},"allocationType":{"@type":"@vocab"},"defaultAllocationMethod":{"@type":"@vocab"},"processType":{"@type":"@vocab"}},"@type":"UnitGroup","@id":"11d161f0-37e3-4d49-bf7a-ff4f31a9e5c7","name":"Units of person transport","category":{"@type":"Category","@id":"e38f841d-bc83-49a3-ab86-2783de8cebfb","name":"Technical unit groups"},"version":"00.00.000","defaultFlowProperty":{"@type":"FlowProperty","@id":"8766e10f-9f41-4db0-8173-ad0d002a5b98","name":"Person transport"},"units":[{"@type":"Unit","@id":"702d94e7-fbae-4a99-a2f5-b26db21126d6","name":"p*mi","description":"Person * mile","conversionFactor":1.6,"synonyms":["pmi"]},{"@type":"Unit","@id":"fe8da65d-f0ea-4496-b13e-1955aaa412d7","name":"p*km","description":"Person kilometre","referenceUnit":true,"conversionFactor":1.0,"synonyms":["pkm","personkm"]}]}