{"@context":{"@vocab":"http://openlca.org/schema/v1.0/","@base":"http://openlca.org/schema/v1.0/","modelType":{"@type":"@vocab"},"flowPropertyType":{"@type":"@vocab"},"flowType":{"@type":"@vocab"},"distributionType":{"@type":"@vocab"},"parameterScope":{"@type":"@vocab"},"allocationType":{"@type":"@vocab"},"defaultAllocationMethod":{"@type":"@vocab"},"processType":{"@type":"@vocab"}},"@type":"UnitGroup","@id":"258d6abd-14f2-4484-956c-c88e8f6fd8ed","name":"Units of energy/mass*time","category":{"@type":"Category","@id":"e38f841d-bc83-49a3-ab86-2783de8cebfb","name":"Technical unit groups"},"version":"00.00.000","defaultFlowProperty":{"@type":"FlowProperty","@id":"c6984745-192d-416f-9728-d6169ba6267f","name":"Energy/mass*time"},"units":[{"@type":"Unit","@id":"94dcd768-ea3e-47da-ba1b-11fea4b5f4cc","name":"MJ/kg*d","description":"Megajoule per kilogram times day","referenceUnit":true,"conversionFactor":1.0}]}