{"@context":{"@vocab":"http://openlca.org/schema/v1.0/","@base":"http://openlca.org/schema/v1.0/","modelType":{"@type":"@vocab"},"flowPropertyType":{"@type":"@vocab"},"flowType":{"@type":"@vocab"},"distributionType":{"@type":"@vocab"},"parameterScope":{"@type":"@vocab"},"allocationType":{"@type":"@vocab"},"defaultAllocationMethod":{"@type":"@vocab"},"processType":{"@type":"@vocab"}},"@type":"UnitGroup","@id":"5454b231-270e-45e6-89b2-7f4f3e482245","name":"Units of items*length","category":{"@type":"Category","@id":"e38f841d-bc83-49a3-ab86-2783de8cebfb","name":"Technical unit groups"},"version":"00.00.000","defaultFlowProperty":{"@type":"FlowProperty","@id":"0ddc622a-bc4a-4cf8-a551-9e112864b77f","name":"Items*Length"},"units":[{"@type":"Unit","@id":"2abb86b6-e71b-4de5-a766-a20e80e59b6d","name":"Items*km","description":"Items times kilometre","referenceUnit":true,"conversionFactor":1.0},{"@type":"Unit","@id":"9bf0166c-fa76-47d0-95af-054ea9125f2c","name":"Items*nmi","description":"Items times nautical mile","conversionFactor":1.85},{"@type":"Unit","@id":"ce39138f-55f8-47bc-b55a-66027fc836d9","name":"Items*mi","description":"Items times international mile","conversionFactor":1.6}]}