{"@context":{"@vocab":"http://openlca.org/schema/v1.0/","@base":"http://openlca.org/schema/v1.0/","modelType":{"@type":"@vocab"},"flowPropertyType":{"@type":"@vocab"},"flowType":{"@type":"@vocab"},"distributionType":{"@type":"@vocab"},"parameterScope":{"@type":"@vocab"},"allocationType":{"@type":"@vocab"},"defaultAllocationMethod":{"@type":"@vocab"},"processType":{"@type":"@vocab"}},"@type":"UnitGroup","@id":"876adcd3-29e6-44e2-acdd-11be304ae654","name":"Units of energy/area*time","category":{"@type":"Category","@id":"e38f841d-bc83-49a3-ab86-2783de8cebfb","name":"Technical unit groups"},"version":"00.00.000","defaultFlowProperty":{"@type":"FlowProperty","@id":"e2f7001e-a331-4fc7-8052-c0b9bcf6a05f","name":"Energy/area*time"},"units":[{"@type":"Unit","@id":"aff60d84-007c-4f30-bfda-3853760f6954","name":"kWh/m2*d","description":"Kilowatthour per square metre times day","referenceUnit":true,"conversionFactor":1.0,"synonyms":["kWh/m2*d","kWh/m2d","kWh/m²d"]}]}