{"@context":{"@vocab":"http://openlca.org/schema/v1.0/","@base":"http://openlca.org/schema/v1.0/","modelType":{"@type":"@vocab"},"flowPropertyType":{"@type":"@vocab"},"flowType":{"@type":"@vocab"},"distributionType":{"@type":"@vocab"},"parameterScope":{"@type":"@vocab"},"allocationType":{"@type":"@vocab"},"defaultAllocationMethod":{"@type":"@vocab"},"processType":{"@type":"@vocab"}},"@type":"UnitGroup","@id":"a6941776-ee4b-40fe-9a05-e19faac45240","name":"Units of mole*area*time/mass","category":{"@type":"Category","@id":"e38f841d-bc83-49a3-ab86-2783de8cebfb","name":"Technical unit groups"},"version":"00.00.000","defaultFlowProperty":{"@type":"FlowProperty","@id":"8a9107c2-62a2-4997-95b0-6944c80b774e","name":"Physicochemical Filtration (Occ.)"},"units":[{"@type":"Unit","@id":"2e16ca4a-9f65-472f-b4cb-274050aaf328","name":"(cmol*m2*a)/kg","description":"Centimole times square metre times year per kilogram","referenceUnit":true,"conversionFactor":1.0}]}