{"@context":{"@vocab":"http://openlca.org/schema/v1.0/","@base":"http://openlca.org/schema/v1.0/","modelType":{"@type":"@vocab"},"flowPropertyType":{"@type":"@vocab"},"flowType":{"@type":"@vocab"},"distributionType":{"@type":"@vocab"},"parameterScope":{"@type":"@vocab"},"allocationType":{"@type":"@vocab"},"defaultAllocationMethod":{"@type":"@vocab"},"processType":{"@type":"@vocab"}},"@type":"UnitGroup","@id":"af16ae7e-3e04-408a-b8ae-5b3666dbe7f9","name":"Units of vehicle transport","category":{"@type":"Category","@id":"e38f841d-bc83-49a3-ab86-2783de8cebfb","name":"Technical unit groups"},"version":"00.00.000","defaultFlowProperty":{"@type":"FlowProperty","@id":"ecbe0a5d-f397-4b74-993d-32d231e4bcf9","name":"Vehicle transport"},"units":[{"@type":"Unit","@id":"19a89180-e40c-4f6b-bcd3-d7347566d1e7","name":"v*km","description":"Vehicle-kilometer","referenceUnit":true,"conversionFactor":1.0,"synonyms":["vkm"]}]}