{"@context":{"@vocab":"http://openlca.org/schema/v1.0/","@base":"http://openlca.org/schema/v1.0/","modelType":{"@type":"@vocab"},"flowPropertyType":{"@type":"@vocab"},"flowType":{"@type":"@vocab"},"distributionType":{"@type":"@vocab"},"parameterScope":{"@type":"@vocab"},"allocationType":{"@type":"@vocab"},"defaultAllocationMethod":{"@type":"@vocab"},"processType":{"@type":"@vocab"}},"@type":"UnitGroup","@id":"c28831de-8759-43da-98bd-05617cb1722d","name":"Units of mass/time","category":{"@type":"Category","@id":"e38f841d-bc83-49a3-ab86-2783de8cebfb","name":"Technical unit groups"},"version":"00.00.000","defaultFlowProperty":{"@type":"FlowProperty","@id":"fd9a098b-253e-4f1e-986d-76a775c51722","name":"Biotic Production (Transf.)"},"units":[{"@type":"Unit","@id":"94b84332-8f2d-4592-b2a0-e19da33a69e9","name":"kg/a","description":"Kilogram per year","referenceUnit":true,"conversionFactor":1.0}]}