{"@context":{"@vocab":"http://openlca.org/schema/v1.0/","@base":"http://openlca.org/schema/v1.0/","modelType":{"@type":"@vocab"},"flowPropertyType":{"@type":"@vocab"},"flowType":{"@type":"@vocab"},"distributionType":{"@type":"@vocab"},"parameterScope":{"@type":"@vocab"},"allocationType":{"@type":"@vocab"},"defaultAllocationMethod":{"@type":"@vocab"},"processType":{"@type":"@vocab"}},"@type":"UnitGroup","@id":"f2275057-f8be-4db9-bb78-5dfc276967a0","name":"Units of length*area/time","category":{"@type":"Category","@id":"e38f841d-bc83-49a3-ab86-2783de8cebfb","name":"Technical unit groups"},"version":"00.00.000","defaultFlowProperty":{"@type":"FlowProperty","@id":"05e42ba1-dbcd-4dc2-b735-a2f17dd211ae","name":"Mechanical Filtration (Transf.)"},"units":[{"@type":"Unit","@id":"aa14a795-2239-496a-81b0-ad7cb8bbe0d2","name":"cm*m2/d","description":"Centimetre times square metre per day","referenceUnit":true,"conversionFactor":1.0}]}