{"@context":{"@vocab":"http://openlca.org/schema/v1.0/","@base":"http://openlca.org/schema/v1.0/","modelType":{"@type":"@vocab"},"flowPropertyType":{"@type":"@vocab"},"flowType":{"@type":"@vocab"},"distributionType":{"@type":"@vocab"},"parameterScope":{"@type":"@vocab"},"allocationType":{"@type":"@vocab"},"defaultAllocationMethod":{"@type":"@vocab"},"processType":{"@type":"@vocab"}},"@type":"UnitGroup","@id":"ff8ed45d-bbfb-4531-8c7b-9b95e52bd41d","name":"Units of volume*length","category":{"@type":"Category","@id":"e38f841d-bc83-49a3-ab86-2783de8cebfb","name":"Technical unit groups"},"version":"00.00.000","defaultFlowProperty":{"@type":"FlowProperty","@id":"64771383-534c-4051-84ca-e195564d5425","name":"Volume*Length"},"units":[{"@type":"Unit","@id":"0c62f887-da22-4b0a-999b-145c4b2ffe1e","name":"l*nmi","description":"Litre times nautical mile","conversionFactor":0.00185},{"@type":"Unit","@id":"112e9d4a-262d-4dcb-8003-c19204faedfb","name":"l*mi","description":"Litre times international mile","conversionFactor":0.00161},{"@type":"Unit","@id":"5042a5e9-b8fd-40ca-b13e-cb9f1ce0357a","name":"m3*km","description":"Cubic metre times kilometre","referenceUnit":true,"conversionFactor":1.0},{"@type":"Unit","@id":"a0805221-ed1e-4177-9e2a-4b72ce2beb06","name":"l*km","description":"Litre times kilometre","conversionFactor":0.001},{"@type":"Unit","@id":"de900fea-2536-4fe5-a92d-00ac9a28654b","name":"m3*mi","description":"Cubic metre times international mile","conversionFactor":1.6},{"@type":"Unit","@id":"fad23f5c-f841-4369-ba17-2dd297b5fadf","name":"m3*nmi","description":"Cubic metre times nautical mile","conversionFactor":1.85}]}