{"@context":{"@vocab":"http://openlca.org/schema/v1.0/","@base":"http://openlca.org/schema/v1.0/","modelType":{"@type":"@vocab"},"flowPropertyType":{"@type":"@vocab"},"flowType":{"@type":"@vocab"},"distributionType":{"@type":"@vocab"},"parameterScope":{"@type":"@vocab"},"allocationType":{"@type":"@vocab"},"defaultAllocationMethod":{"@type":"@vocab"},"processType":{"@type":"@vocab"}},"@type":"FlowProperty","@id":"64771383-534c-4051-84ca-e195564d5425","name":"Volume*Length","category":{"@type":"Category","@id":"86863950-d175-4400-8cc2-c40511322f94","name":"Technical flow properties"},"version":"00.00.000","flowPropertyType":"PHYSICAL_QUANTITY","unitGroup":{"@type":"UnitGroup","@id":"ff8ed45d-bbfb-4531-8c7b-9b95e52bd41d","name":"Units of volume*length"}}