{"@context":{"@vocab":"http://openlca.org/schema/v1.0/","@base":"http://openlca.org/schema/v1.0/","modelType":{"@type":"@vocab"},"flowPropertyType":{"@type":"@vocab"},"flowType":{"@type":"@vocab"},"distributionType":{"@type":"@vocab"},"parameterScope":{"@type":"@vocab"},"allocationType":{"@type":"@vocab"},"defaultAllocationMethod":{"@type":"@vocab"},"processType":{"@type":"@vocab"}},"@type":"FlowProperty","@id":"8a9107c2-62a2-4997-95b0-6944c80b774e","name":"Physicochemical Filtration (Occ.)","category":{"@type":"Category","@id":"86863950-d175-4400-8cc2-c40511322f94","name":"Technical flow properties"},"version":"00.00.000","flowPropertyType":"PHYSICAL_QUANTITY","unitGroup":{"@type":"UnitGroup","@id":"a6941776-ee4b-40fe-9a05-e19faac45240","name":"Units of mole*area*time/mass"}}