{"@context":{"@vocab":"http://openlca.org/schema/v1.0/","@base":"http://openlca.org/schema/v1.0/","modelType":{"@type":"@vocab"},"flowPropertyType":{"@type":"@vocab"},"flowType":{"@type":"@vocab"},"distributionType":{"@type":"@vocab"},"parameterScope":{"@type":"@vocab"},"allocationType":{"@type":"@vocab"},"defaultAllocationMethod":{"@type":"@vocab"},"processType":{"@type":"@vocab"}},"@type":"FlowProperty","@id":"b7ffb330-95a8-4815-a78c-47fcdee3b768","name":"Length*time","category":{"@type":"Category","@id":"86863950-d175-4400-8cc2-c40511322f94","name":"Technical flow properties"},"version":"00.00.000","flowPropertyType":"PHYSICAL_QUANTITY","unitGroup":{"@type":"UnitGroup","@id":"326eb58b-e5b3-4cea-b45a-2398c25109f8","name":"Units of length*time"}}