{"@context":{"@vocab":"http://openlca.org/schema/v1.0/","@base":"http://openlca.org/schema/v1.0/","modelType":{"@type":"@vocab"},"flowPropertyType":{"@type":"@vocab"},"flowType":{"@type":"@vocab"},"distributionType":{"@type":"@vocab"},"parameterScope":{"@type":"@vocab"},"allocationType":{"@type":"@vocab"},"defaultAllocationMethod":{"@type":"@vocab"},"processType":{"@type":"@vocab"}},"@type":"FlowProperty","@id":"c0447923-0e60-4b3c-97c2-a86dddd9eea5","name":"Duration","category":{"@type":"Category","@id":"86863950-d175-4400-8cc2-c40511322f94","name":"Technical flow properties"},"version":"00.00.000","flowPropertyType":"PHYSICAL_QUANTITY","unitGroup":{"@type":"UnitGroup","@id":"af638906-3ec7-4314-8de7-f76039f2dd01","name":"Units of time"}}