{"@context":{"@vocab":"http://openlca.org/schema/v1.0/","@base":"http://openlca.org/schema/v1.0/","modelType":{"@type":"@vocab"},"flowPropertyType":{"@type":"@vocab"},"flowType":{"@type":"@vocab"},"distributionType":{"@type":"@vocab"},"parameterScope":{"@type":"@vocab"},"allocationType":{"@type":"@vocab"},"defaultAllocationMethod":{"@type":"@vocab"},"processType":{"@type":"@vocab"}},"@type":"FlowProperty","@id":"fdfecf14-ff8a-4e17-b2b2-f938c4b5cc27","name":"Market value, bulk prices","category":{"@type":"Category","@id":"6cd7ba3c-4a99-4504-b7a7-2064602d33c5","name":"Economic flow properties"},"version":"00.00.000","flowPropertyType":"ECONOMIC_QUANTITY","unitGroup":{"@type":"UnitGroup","@id":"da299c4d-1741-4da8-9fbd-5ccfb5e1d688","name":"Units of currency"}}