{"@context":{"@vocab":"http://openlca.org/schema/v1.0/","@base":"http://openlca.org/schema/v1.0/","modelType":{"@type":"@vocab"},"flowPropertyType":{"@type":"@vocab"},"flowType":{"@type":"@vocab"},"distributionType":{"@type":"@vocab"},"parameterScope":{"@type":"@vocab"},"allocationType":{"@type":"@vocab"},"defaultAllocationMethod":{"@type":"@vocab"},"processType":{"@type":"@vocab"}},"@type":"Source","@id":"0d5753c8-cd9c-3ca5-a9e0-32fc75ad14f3","name":"Madknick et al.  2011","description":"0","version":"00.00.000","textReference":"A Review of Operational Water Consumption and Withdrawal Factors for Electricity Generating Technologies.  NREL: Golden, CO","year":2011}