{"@context":{"@vocab":"http://openlca.org/schema/v1.0/","@base":"http://openlca.org/schema/v1.0/","modelType":{"@type":"@vocab"},"flowPropertyType":{"@type":"@vocab"},"flowType":{"@type":"@vocab"},"distributionType":{"@type":"@vocab"},"parameterScope":{"@type":"@vocab"},"allocationType":{"@type":"@vocab"},"defaultAllocationMethod":{"@type":"@vocab"},"processType":{"@type":"@vocab"}},"@type":"Actor","@id":"47aaf682-f8ba-3153-b652-6f3f34ab6342","name":"Seung-Jin Lee","version":"00.00.000","address":"26 W Martin Luther King Drive","country":"US","telephone":"1-513-569-7144"}