{"@context":{"@vocab":"http://openlca.org/schema/v1.0/","@base":"http://openlca.org/schema/v1.0/","modelType":{"@type":"@vocab"},"flowPropertyType":{"@type":"@vocab"},"flowType":{"@type":"@vocab"},"distributionType":{"@type":"@vocab"},"parameterScope":{"@type":"@vocab"},"allocationType":{"@type":"@vocab"},"defaultAllocationMethod":{"@type":"@vocab"},"processType":{"@type":"@vocab"}},"@type":"Actor","@id":"58c239b5-ecc7-3de4-90e0-a6e5eef61f4a","name":"Troy Hawkins","version":"00.00.000","address":"26 W Martin Luther King Drive","country":"US","telephone":"1-513-569-7139"}