{"@context":{"@vocab":"http://openlca.org/schema/v1.0/","@base":"http://openlca.org/schema/v1.0/","modelType":{"@type":"@vocab"},"flowPropertyType":{"@type":"@vocab"},"flowType":{"@type":"@vocab"},"distributionType":{"@type":"@vocab"},"parameterScope":{"@type":"@vocab"},"allocationType":{"@type":"@vocab"},"defaultAllocationMethod":{"@type":"@vocab"},"processType":{"@type":"@vocab"}},"@type":"Actor","@id":"7abd27c4-99ec-34f8-a157-2f8abcad502f","name":"Raymond Smith","version":"00.00.000","address":"26 W Martin Luther King Drive","country":"US","telephone":"1-513-569-7161"}