{"@context":{"@vocab":"http://openlca.org/schema/v1.0/","@base":"http://openlca.org/schema/v1.0/","modelType":{"@type":"@vocab"},"flowPropertyType":{"@type":"@vocab"},"flowType":{"@type":"@vocab"},"distributionType":{"@type":"@vocab"},"parameterScope":{"@type":"@vocab"},"allocationType":{"@type":"@vocab"},"defaultAllocationMethod":{"@type":"@vocab"},"processType":{"@type":"@vocab"}},"@type":"Actor","@id":"f9f727f7-8366-3475-8b9b-a0ea1bbba443","name":"John Abraham","version":"00.00.000","address":"26 W Martin Luther King Drive","country":"US","telephone":"1-513-569-7124"}